{"stats":{"minecraft:killed":{"minecraft:pig":7,"minecraft:sheep":5,"minecraft:zombie":2,"friendsandfoes:mauler":1,"minecraft:cow":28},"minecraft:picked_up":{"minecraft:crafting_table":3,"minecraft:leather":33,"minecraft:oak_log":35,"minecraft:dirt":1,"minecraft:raw_copper":5,"minecraft:wheat_seeds":2,"minecraft:beef":60,"minecraft:furnace":1,"minecraft:stick":4,"minecraft:raw_iron":1,"croptopia:starfruit":2,"minecraft:porkchop":12,"minecraft:spruce_sapling":6,"minecraft:white_bed":2,"minecraft:spruce_log":8,"minecraft:dark_oak_log":1,"croptopia:orange":4,"minecraft:hay_block":71,"minecraft:oak_sapling":2,"minecraft:mutton":8,"minecraft:coal":16,"minecraft:white_wool":5,"minecraft:cobblestone":25},"minecraft:crafted":{"minecraft:cooked_beef":22,"minecraft:oak_planks":68,"minecraft:crafting_table":1,"minecraft:wooden_pickaxe":1,"minecraft:furnace":2,"charm:oak_chest":6,"minecraft:stone_axe":1,"minecraft:air":0,"minecraft:shield":1,"minecraft:stick":8,"minecraft:iron_ingot":1,"minecraft:stone_pickaxe":1,"minecraft:stone_sword":1},"minecraft:mined":{"croptopia:starfruit_crop":2,"croptopia:pepper_crop":1,"minecraft:white_bed":2,"croptopia:orange_crop":1,"minecraft:dark_oak_log":1,"minecraft:crafting_table":3,"minecraft:copper_ore":1,"minecraft:tall_grass":4,"minecraft:large_fern":3,"minecraft:hay_block":71,"minecraft:furnace":1,"minecraft:iron_ore":1,"minecraft:spruce_log":8,"minecraft:grass":15,"minecraft:coal_ore":9,"minecraft:oak_log":35,"minecraft:dirt":1,"minecraft:stone":25,"minecraft:fern":1},"minecraft:custom":{"minecraft:interact_with_furnace":17,"minecraft:mob_kills":43,"minecraft:interact_with_crafting_table":13,"minecraft:leave_game":1,"minecraft:time_since_death":30852,"minecraft:sleep_in_bed":2,"minecraft:time_since_rest":5041,"minecraft:sprint_one_cm":112748,"minecraft:damage_taken":125,"minecraft:walk_one_cm":49212,"minecraft:drop":4,"minecraft:damage_dealt":4300,"minecraft:swim_one_cm":5068,"minecraft:fly_one_cm":164474,"minecraft:open_chest":14,"minecraft:crouch_one_cm":3349,"minecraft:play_time":30852,"minecraft:sneak_time":1329,"minecraft:walk_under_water_one_cm":247,"minecraft:jump":677,"minecraft:walk_on_water_one_cm":283,"minecraft:total_world_time":30852,"minecraft:fall_one_cm":18162},"minecraft:used":{"minecraft:stone_sword":110,"minecraft:stone_pickaxe":33,"minecraft:wooden_pickaxe":7,"minecraft:dirt":1,"minecraft:crafting_table":4,"minecraft:white_bed":2,"croptopia:orange":4,"minecraft:stone_axe":40,"charm:oak_chest":6,"minecraft:oak_sapling":1,"minecraft:furnace":3,"minecraft:cooked_beef":5},"minecraft:dropped":{"minecraft:cobblestone":1,"minecraft:dark_oak_log":1,"minecraft:oak_sapling":1,"minecraft:wooden_pickaxe":1}},"DataVersion":3465}