{"stats":{"minecraft:killed_by":{"minecraft:zombie":1,"mythicmounts:dragon":1,"minecraft:skeleton":4},"minecraft:custom":{"minecraft:animals_bred":3,"minecraft:interact_with_crafting_table":54,"minecraft:open_barrel":20,"goblintraders:trade_with_goblin":30,"minecraft:leave_game":9,"minecraft:time_since_death":221106,"minecraft:sprint_one_cm":911444,"minecraft:damage_blocked_by_shield":4740,"minecraft:drop":135,"minecraft:play_time":371914,"minecraft:deaths":6,"minecraft:jump":5009,"minecraft:walk_on_water_one_cm":24709,"minecraft:interact_with_furnace":35,"minecraft:sleep_in_bed":11,"minecraft:damage_dealt":44719,"minecraft:crouch_one_cm":43624,"minecraft:inspect_dispenser":1,"minecraft:horse_one_cm":1148344,"minecraft:mob_kills":214,"minecraft:climb_one_cm":3686,"minecraft:walk_one_cm":629126,"minecraft:sneak_time":21134,"minecraft:walk_under_water_one_cm":19027,"minecraft:total_world_time":371914,"minecraft:time_since_rest":16918,"minecraft:damage_taken":7325,"minecraft:damage_absorbed":40,"minecraft:swim_one_cm":30207,"minecraft:fly_one_cm":982420,"minecraft:open_chest":125,"minecraft:fall_one_cm":115604},"minecraft:used":{"minecraft:moss_carpet":1,"minecraft:iron_shovel":313,"minecraft:shield":69,"minecraft:iron_sword":457,"minecraft:soul_sand":5,"minecraft:carrot":1,"minecraft:obsidian":10,"minecraft:furnace":4,"minecraft:golden_boots":2,"infusion_table:infusion_table":1,"minecraft:stone_pickaxe":233,"minecraft:oak_planks":3,"minecraft:wooden_pickaxe":12,"minecraft:golden_apple":1,"indrev:solid_infuser_mk1":1,"minecraft:bread":14,"minecraft:melon_slice":8,"croptopia:toast":76,"minecraft:oak_fence":22,"minecraft:enchanting_table":1,"minecraft:iron_bars":1,"minecraft:stone_sword":211,"minecraft:flint_and_steel":1,"minecraft:netherrack":44,"minecraft:orange_bed":5,"minecraft:torch":113,"minecraft:dirt":122,"minecraft:wheat":10,"additionaladditions:chicken_nugget":1,"minecraft:oak_fence_gate":2,"minecraft:iron_axe":163,"minecraft:iron_boots":3,"minecraft:cherry_fence_gate":1,"charm:oak_chest":4,"minecraft:cobbled_deepslate":6,"minecraft:cherry_fence":5,"minecraft:iron_leggings":3,"minecraft:water_bucket":20,"minecraft:cherry_planks":6,"minecraft:crafting_table":7,"supplementaries:bomb":1,"minecraft:spruce_log":1,"minecraft:dark_prismarine":1,"minecraft:diamond_pickaxe":344,"minecraft:iron_pickaxe":724,"charm:cherry_bookshelf":15,"minecraft:stone_axe":119,"minecraft:pink_petals":8,"onlyhammers:iron_hammer":107,"minecraft:cobblestone":152,"minecraft:potion":1,"charm:cherry_chest":2,"minecraft:bucket":21},"minecraft:killed":{"minecraft:cave_spider":9,"minecraft:spider":9,"betternether:firefly":1,"minecraft:skeleton":24,"minecraft:piglin_brute":1,"artifacts:mimic":2,"minecraft:piglin":1,"minecraft:pig":9,"minecraft:zombie_villager":2,"adventurez:wither_puppet":3,"minecraft:creeper":14,"minecraft:sheep":8,"minecraft:zombie":70,"minecraft:cow":8,"minecraft:blaze":5,"minecraft:husk":5,"minecraft:hoglin":23,"friendsandfoes:moobloom":1,"minecraft:wither_skeleton":13},"minecraft:broken":{"minecraft:stone_pickaxe":1,"minecraft:stone_axe":1,"minecraft:stone_sword":1,"minecraft:shield":1,"minecraft:iron_pickaxe":2},"minecraft:crafted":{"minecraft:oak_planks":108,"croptopia:toast":106,"minecraft:stone":4,"minecraft:cracked_stone_bricks":4,"minecraft:iron_boots":2,"explorerscompass:explorerscompass":1,"minecraft:stone_bricks":4,"minecraft:oak_fence":27,"minecraft:cherry_fence":6,"minecraft:crafting_table":3,"minecraft:wooden_pickaxe":1,"minecraft:iron_helmet":1,"charm:cherry_bookshelf":15,"minecraft:iron_chestplate":1,"minecraft:diamond_pickaxe":1,"minecraft:shield":2,"minecraft:stick":84,"minecraft:iron_ingot":60,"minecraft:iron_pickaxe":3,"minecraft:compass":1,"minecraft:iron_block":2,"minecraft:stone_sword":2,"croptopia:chile_pepper_seed":1,"charm:cherry_chest":2,"minecraft:cherry_planks":176,"minecraft:coal":9,"minecraft:furnace":2,"charm:oak_chest":2,"minecraft:polished_deepslate":4,"onlyhammers:iron_hammer":1,"minecraft:iron_axe":2,"minecraft:stone_pickaxe":2,"minecraft:golden_helmet":1,"croptopia:frying_pan":1,"minecraft:cherry_fence_gate":1,"minecraft:wheat":369,"croptopia:hamburger":17,"minecraft:enchanting_table":1,"minecraft:iron_sword":2,"infusion_table:infusion_table":1,"minecraft:bucket":1,"minecraft:stone_axe":2,"minecraft:bread":117,"minecraft:air":0,"minecraft:oak_fence_gate":2,"minecraft:iron_shovel":3,"minecraft:iron_leggings":1,"minecraft:torch":36},"minecraft:mined":{"mythicmetals:midas_gold_ore":1,"minecraft:black_terracotta":1,"betternether:nether_reed_stem":1,"minecraft:cherry_log":44,"indrev:deepslate_tungsten_ore":10,"minecraft:obsidian":10,"minecraft:spruce_trapdoor":1,"minecraft:granite":3,"universal_ores:tuff_gold_ore":1,"betternether:lumabus_vine":2,"minecraft:grass_block":251,"minecraft:soul_soil":27,"minecraft:coal_block":7,"minecraft:nether_wart":10,"betternether:cincinnasite_ore":10,"minecraft:spawner":11,"mythicmetals:deepslate_orichalcum_ore":5,"indrev:deepslate_tin_ore":65,"minecraft:iron_ore":135,"minecraft:fire":4,"minecraft:deepslate_lapis_ore":7,"minecraft:sculk_shrieker":2,"minecraft:iron_bars":1,"minecraft:orange_bed":5,"universal_ores:diorite_iron_ore":24,"betternether:bone_mushroom":1,"minecraft:deepslate_redstone_ore":10,"betternether:netherrack_stalactite":1,"minecraft:amethyst_cluster":5,"universal_ores:granite_iron_ore":2,"minecraft:torch":28,"things:deepslate_gleaming_ore":2,"indrev:nikolite_ore":2,"minecraft:blast_furnace":11,"minecraft:calcite":6,"minecraft:melon":10,"minecraft:polished_andesite_stairs":1,"minecraft:cobblestone":7,"minecraft:sugar_cane":9,"minecraft:oak_planks":3,"minecraft:wall_torch":1,"minecraft:amethyst_block":5,"indrev:tin_ore":71,"minecraft:pink_petals":83,"mythicmetals:aquarium_ore":1,"minecraft:tnt":1,"indrev:lead_ore":9,"croptopia:chile_pepper_crop":1,"minecraft:grass":64,"minecraft:oak_log":27,"minecraft:dirt":33,"blockus:limestone":22,"minecraft:smooth_basalt":5,"minecraft:netherrack":190,"minecraft:oak_leaves":4,"minecraft:deepslate":49,"minecraft:gray_candle":1,"blockus:bluestone":3,"minecraft:nether_gold_ore":1,"minecraft:dark_prismarine":2,"minecraft:diamond_ore":1,"minecraft:crying_obsidian":4,"indrev:silver_ore":4,"minecraft:deepslate_diamond_ore":9,"betternether:bone_grass":2,"mythicmetals:osmium_ore":2,"minecraft:nether_bricks":6,"minecraft:stone_button":1,"indrev:deepslate_lead_ore":15,"minecraft:spruce_leaves":4,"minecraft:rooted_dirt":1,"minecraft:hay_block":41,"minecraft:redstone_ore":4,"minecraft:furnace":2,"mythicmetals:quadrillum_ore":2,"universal_ores:granite_coal_ore":10,"minecraft:andesite":86,"mythicmetals:deepslate_mythril_ore":9,"indrev:deepslate_nikolite_ore":30,"croptopia:peach_crop":4,"minecraft:bookshelf":31,"minecraft:deepslate_iron_ore":10,"minecraft:vine":1,"betternether:nether_lapis_ore":3,"minecraft:bamboo":1,"minecraft:stone":824,"mythicmetals:platinum_ore":2,"minecraft:cherry_planks":4,"minecraft:soul_sand":62,"croptopia:sweetpotato_crop":1,"universal_ores:granite_lapis_ore":1,"charm:oak_chest":2,"minecraft:crafting_table":4,"betternether:mushroom_grass":1,"minecraft:tall_grass":2,"minecraft:copper_ore":29,"minecraft:deepslate_coal_ore":1,"blockus:marble":4,"minecraft:deepslate_gold_ore":17,"minecraft:lapis_ore":20,"minecraft:sculk":1,"indrev:deepslate_silver_ore":67,"minecraft:diorite":23,"supplementaries:urn":37,"minecraft:coarse_dirt":3,"minecraft:spruce_log":9,"minecraft:coal_ore":69,"minecraft:cherry_leaves":14,"minecraft:gravel":2,"minecraft:cobweb":4,"minecraft:stone_bricks":14,"minecraft:gold_ore":11,"minecraft:fern":1},"minecraft:dropped":{"minecraft:iron_sword":2,"minecraft:porkchop":4,"minecraft:glass_bottle":1,"minecraft:glow_berries":9,"minecraft:leather":1,"minecraft:emerald":9,"minecraft:dirt":175,"mythicmetals:raw_platinum":1,"indrev:solid_infuser_mk1":1,"croptopia:sweetpotato_seed":2,"minecraft:sunflower":1,"minecraft:gray_candle":3,"minecraft:bone":10,"minecraft:stone_axe":1,"minecraft:iron_nugget":12,"croptopia:toast":1,"mythicmetals:raw_quadrillum":6,"minecraft:golden_chestplate":1,"minecraft:rotten_flesh":25,"minecraft:oak_planks":1,"bosses_of_mass_destruction:soul_star":2,"supplementaries:ash":9,"minecraft:gunpowder":38,"minecraft:leather_leggings":2,"minecraft:arrow":18,"minecraft:cherry_fence":2,"minecraft:golden_boots":1,"minecraft:iron_ingot":4,"minecraft:wheat_seeds":27,"minecraft:golden_helmet":1,"minecraft:oak_fence":17,"minecraft:iron_helmet":2,"minecraft:cobblestone":3,"croptopia:sweetpotato":1,"minecraft:coal":18,"minecraft:stick":9,"additionaladditions:chicken_nugget":1,"minecraft:diorite":2,"minecraft:cherry_planks":4,"minecraft:iron_leggings":2,"minecraft:polished_andesite_stairs":1,"minecraft:iron_axe":1,"minecraft:iron_shovel":1,"minecraft:string":5,"minecraft:pink_petals":685,"mythicmetals:platinum_ingot":2,"minecraft:stone_sword":1,"minecraft:raw_copper":34,"supplementaries:bomb":1,"minecraft:iron_boots":2,"minecraft:nether_bricks":2,"minecraft:spruce_trapdoor":1,"indrev:raw_tin":2,"minecraft:golden_sword":1,"minecraft:spider_eye":1,"minecraft:stone_pickaxe":1,"minecraft:wooden_pickaxe":1,"minecraft:calcite":3,"minecraft:black_wool":1},"minecraft:picked_up":{"minecraft:iron_chestplate":2,"betternether:lumabus_seed":4,"minecraft:potion":4,"minecraft:enchanted_book":1,"minecraft:soul_soil":25,"minecraft:string":9,"minecraft:raw_copper":102,"mythicmetals:raw_aquarium":2,"minecraft:iron_leggings":4,"blockus:marble":1,"minecraft:cobbled_deepslate":32,"bosses_of_mass_destruction:soul_star":2,"minecraft:bucket":2,"minecraft:calcite":6,"minecraft:iron_pickaxe":5,"minecraft:coal_block":14,"minecraft:melon_slice":149,"minecraft:furnace":2,"minecraft:iron_boots":3,"minecraft:stick":14,"charm:oak_chest":2,"minecraft:oak_fence":12,"minecraft:torch":170,"minecraft:porkchop":97,"minecraft:cherry_log":77,"minecraft:diorite":14,"betternether:cincinnasite":22,"minecraft:golden_chestplate":1,"betternether:lapis_pile":17,"minecraft:orange_bed":6,"indrev:raw_lead":41,"minecraft:stone_sword":4,"artifacts:lucky_scarf":1,"minecraft:rotten_flesh":38,"supplementaries:antique_ink":4,"supplementaries:ash":9,"minecraft:blaze_rod":2,"minecraft:obsidian":12,"minecraft:iron_bars":1,"minecraft:cobblestone":437,"minecraft:pink_petals":693,"betternether:glowstone_pile":4,"minecraft:cherry_planks":4,"minecraft:potato":6,"minecraft:cherry_fence":1,"mythicmetals:carmot_staff_smithing_template":2,"minecraft:lapis_lazuli":513,"artifacts:pickaxe_heater":2,"mythicmetals:raw_platinum":1,"indrev:raw_tin":246,"minecraft:dirt":490,"minecraft:name_tag":6,"minecraft:bone":49,"croptopia:sweetpotato":1,"minecraft:wheat_seeds":29,"minecraft:raw_gold":9,"artifacts:antidote_vessel":1,"minecraft:bamboo":53,"minecraft:gray_candle":3,"minecraft:oak_planks":12,"croptopia:chile_pepper_seed":5,"minecraft:black_terracotta":1,"mythicmetals:raw_quadrillum":12,"minecraft:dark_prismarine":1,"croptopia:chile_pepper":1,"minecraft:diamond":32,"conjuring:conjuration_essence":10,"minecraft:granite":1,"minecraft:golden_apple":3,"minecraft:bread":20,"minecraft:emerald":17,"minecraft:oak_sapling":4,"indrev:nikolite_dust":141,"minecraft:netherrack":178,"croptopia:toast":164,"minecraft:crafting_table":5,"things:gleaming_powder":2,"artifacts:night_vision_goggles":2,"minecraft:nether_wart":37,"croptopia:peach":42,"minecraft:leather_leggings":2,"croptopia:sweetpotato_seed":2,"minecraft:shield":3,"minecraft:moss_carpet":1,"minecraft:iron_axe":2,"mythicmetals:midas_gold_ingot":4,"additionaladditions:chicken_nugget":2,"mythicmetals:mythril_drill_smithing_template":8,"supplementaries:bomb":2,"indrev:raw_silver":83,"minecraft:beef":43,"additionaladditions:rose_gold_upgrade":10,"mythicmetals:raw_mythril":10,"minecraft:sugar_cane":28,"minecraft:spruce_trapdoor":1,"mythicmetals:raw_orichalcum":5,"mythicmetals:platinum_ingot":2,"minecraft:raw_iron":139,"minecraft:carrot":32,"minecraft:redstone":128,"minecraft:arrow":22,"minecraft:nether_bricks":3,"minecraft:hay_block":122,"minecraft:gold_ingot":50,"minecraft:glow_berries":15,"minecraft:mutton":42,"minecraft:white_wool":21,"minecraft:leather":32,"minecraft:oak_log":67,"minecraft:golden_boots":1,"indrev:raw_tungsten":11,"minecraft:gunpowder":44,"minecraft:apple":9,"minecraft:stone_bricks":14,"minecraft:iron_ingot":366,"minecraft:stone_pickaxe":5,"minecraft:cobweb":24,"minecraft:soul_sand":61,"minecraft:iron_sword":3,"minecraft:book":186,"minecraft:polished_andesite_stairs":1,"minecraft:amethyst_shard":32,"minecraft:spruce_sapling":4,"minecraft:blast_furnace":25,"minecraft:spruce_log":9,"minecraft:crying_obsidian":4,"minecraft:spider_eye":4,"minecraft:stone_axe":2,"minecraft:iron_helmet":3,"minecraft:black_wool":2,"minecraft:coal":248,"minecraft:sunflower":1}},"DataVersion":3465}