{"stats":{"minecraft:dropped":{"minecraft:cobblestone":1,"minecraft:dark_oak_log":1,"minecraft:oak_sapling":1,"minecraft:wooden_pickaxe":1},"minecraft:killed":{"minecraft:pig":7,"minecraft:sheep":5,"minecraft:zombie":2,"friendsandfoes:mauler":1,"minecraft:cow":28},"minecraft:used":{"minecraft:stone_sword":110,"minecraft:stone_pickaxe":130,"minecraft:wooden_pickaxe":7,"minecraft:mossy_cobblestone":1,"minecraft:dirt":6,"minecraft:crafting_table":4,"minecraft:white_bed":2,"croptopia:orange":4,"minecraft:bread":3,"minecraft:stone_axe":40,"minecraft:cobblestone":1,"charm:oak_chest":6,"minecraft:furnace":3,"minecraft:oak_sapling":1,"minecraft:bucket":1,"minecraft:cooked_beef":5},"minecraft:mined":{"croptopia:starfruit_crop":2,"croptopia:pepper_crop":1,"minecraft:white_bed":2,"croptopia:orange_crop":1,"minecraft:mossy_cobblestone":1,"minecraft:dark_oak_log":1,"minecraft:crafting_table":3,"minecraft:grass_block":2,"minecraft:tall_grass":4,"minecraft:copper_ore":1,"minecraft:cobblestone":3,"minecraft:large_fern":3,"minecraft:hay_block":71,"minecraft:furnace":1,"minecraft:iron_ore":15,"minecraft:spruce_log":8,"minecraft:grass":15,"minecraft:oak_log":35,"minecraft:coal_ore":56,"minecraft:vine":1,"minecraft:dirt":4,"minecraft:stone":56,"minecraft:fern":1},"minecraft:crafted":{"minecraft:cooked_beef":60,"minecraft:oak_planks":68,"minecraft:crafting_table":1,"minecraft:wooden_pickaxe":1,"minecraft:furnace":2,"minecraft:bucket":1,"charm:oak_chest":6,"minecraft:stone_axe":1,"minecraft:bread":21,"minecraft:air":0,"minecraft:shield":1,"minecraft:stick":12,"minecraft:iron_ingot":7,"minecraft:iron_pickaxe":1,"minecraft:stone_pickaxe":3,"minecraft:stone_sword":2,"minecraft:wheat":63},"minecraft:picked_up":{"minecraft:crafting_table":3,"minecraft:leather":33,"minecraft:oak_log":35,"minecraft:dirt":6,"minecraft:raw_copper":5,"minecraft:wheat_seeds":2,"minecraft:beef":60,"minecraft:furnace":1,"minecraft:stick":4,"minecraft:raw_iron":15,"croptopia:starfruit":2,"minecraft:porkchop":12,"minecraft:spruce_sapling":6,"minecraft:white_bed":2,"minecraft:spruce_log":8,"minecraft:dark_oak_log":1,"minecraft:mossy_cobblestone":1,"croptopia:orange":4,"minecraft:hay_block":71,"minecraft:oak_sapling":2,"minecraft:mutton":8,"minecraft:coal":62,"minecraft:white_wool":5,"minecraft:cobblestone":59},"minecraft:custom":{"minecraft:interact_with_furnace":27,"minecraft:mob_kills":43,"minecraft:interact_with_crafting_table":20,"minecraft:leave_game":1,"minecraft:time_since_death":42779,"minecraft:sleep_in_bed":3,"minecraft:time_since_rest":10511,"minecraft:sprint_one_cm":132054,"minecraft:damage_taken":215,"minecraft:walk_one_cm":60250,"minecraft:drop":4,"minecraft:damage_dealt":4300,"minecraft:swim_one_cm":6392,"minecraft:fly_one_cm":195220,"minecraft:open_chest":17,"minecraft:crouch_one_cm":4538,"minecraft:play_time":42779,"minecraft:sneak_time":2375,"minecraft:walk_under_water_one_cm":329,"minecraft:jump":847,"minecraft:walk_on_water_one_cm":1009,"minecraft:total_world_time":42779,"minecraft:fall_one_cm":23254}},"DataVersion":3465}