{"stats":{"minecraft:broken":{"minecraft:golden_helmet":1,"minecraft:iron_shovel":2,"minecraft:stone_pickaxe":1,"minecraft:stone_axe":1,"minecraft:iron_sword":1,"minecraft:stone_sword":1,"minecraft:shield":2,"minecraft:iron_pickaxe":2},"minecraft:picked_up":{"minecraft:iron_chestplate":2,"artifacts:bunny_hoppers":1,"minecraft:diamond_sword":2,"betternether:lumabus_seed":4,"minecraft:potion":4,"minecraft:enchanted_book":4,"friendsandfoes:buttercup":1,"betternether:nether_reed_stem":7,"minecraft:polished_deepslate":1,"betternether:blue_obsidian":6,"minecraft:string":12,"minecraft:soul_soil":25,"minecraft:raw_copper":102,"mythicmetals:raw_aquarium":2,"minecraft:iron_leggings":4,"croptopia:hamburger":17,"blockus:marble":1,"minecraft:diamond_leggings":1,"minecraft:cobbled_deepslate":32,"bosses_of_mass_destruction:soul_star":3,"minecraft:bucket":2,"minecraft:spruce_planks":18,"minecraft:calcite":6,"minecraft:netherite_upgrade_smithing_template":1,"minecraft:iron_pickaxe":5,"onlyhammers:iron_hammer":1,"minecraft:enchanted_golden_apple":1,"minecraft:coal_block":14,"minecraft:melon_slice":149,"minecraft:furnace":2,"minecraft:iron_boots":3,"minecraft:stick":44,"explorerscompass:explorerscompass":1,"charm:oak_chest":2,"minecraft:oak_fence":12,"minecraft:torch":176,"minecraft:porkchop":97,"minecraft:cherry_log":182,"minecraft:diorite":26,"minecraft:music_disc_pigstep":1,"betternether:cincinnasite":34,"minecraft:golden_chestplate":1,"betternether:lapis_pile":32,"minecraft:orange_bed":6,"indrev:raw_lead":41,"minecraft:stone_sword":4,"artifacts:lucky_scarf":2,"minecraft:rotten_flesh":58,"supplementaries:antique_ink":4,"minecraft:iron_block":1,"supplementaries:quiver":1,"supplementaries:ash":9,"minecraft:blaze_rod":5,"minecraft:obsidian":12,"minecraft:iron_bars":1,"minecraft:cobblestone":455,"minecraft:pink_petals":1279,"betternether:glowstone_pile":4,"minecraft:cherry_planks":4,"minecraft:water_bucket":1,"minecraft:potato":6,"minecraft:cherry_fence":1,"indrev:raw_tin":246,"betternether:bowl_upgrade_smithing_template":1,"artifacts:pickaxe_heater":3,"mythicmetals:raw_platinum":1,"minecraft:lapis_lazuli":513,"mythicmetals:carmot_staff_smithing_template":2,"minecraft:dirt":950,"minecraft:name_tag":6,"minecraft:bone":58,"croptopia:sweetpotato":1,"minecraft:bow":2,"minecraft:wheat_seeds":47,"minecraft:raw_gold":9,"minecraft:rabbit":1,"artifacts:antidote_vessel":2,"minecraft:bamboo":53,"minecraft:gray_candle":3,"minecraft:oak_planks":12,"croptopia:chile_pepper_seed":5,"minecraft:black_terracotta":10,"minecraft:sand":8,"mythicmetals:raw_quadrillum":12,"minecraft:diamond_block":3,"minecraft:dark_prismarine":1,"croptopia:chile_pepper":1,"minecraft:polished_andesite":2,"minecraft:diamond":45,"minecraft:netherite_helmet":1,"conjuring:conjuration_essence":30,"minecraft:crossbow":2,"minecraft:granite":1,"minecraft:golden_apple":12,"minecraft:emerald":17,"minecraft:bread":20,"minecraft:dark_oak_fence":2,"indrev:nikolite_dust":141,"minecraft:oak_sapling":4,"minecraft:netherrack":219,"minecraft:diamond_pickaxe":2,"croptopia:toast":174,"minecraft:crafting_table":5,"things:gleaming_powder":2,"artifacts:night_vision_goggles":3,"minecraft:nether_wart":37,"croptopia:peach":42,"minecraft:leather_leggings":2,"croptopia:sweetpotato_seed":2,"minecraft:cooked_rabbit":2,"minecraft:gold_block":9,"minecraft:shield":4,"minecraft:moss_carpet":1,"minecraft:iron_axe":5,"minecraft:flint_and_steel":1,"minecraft:blackstone":3,"additionaladditions:chicken_nugget":2,"mythicmetals:midas_gold_ingot":16,"mythicmetals:mythril_drill_smithing_template":8,"supplementaries:bomb":2,"indrev:raw_silver":83,"minecraft:beef":43,"additionaladditions:rose_gold_upgrade":10,"minecraft:iron_nugget":22,"mythicmetals:raw_mythril":10,"minecraft:sugar_cane":28,"minecraft:spruce_trapdoor":1,"mythicmetals:raw_orichalcum":5,"mythicmetals:platinum_ingot":2,"minecraft:raw_iron":139,"betternether:nether_ruby":13,"minecraft:carrot":32,"minecraft:redstone":128,"minecraft:polished_granite_stairs":2,"minecraft:arrow":32,"minecraft:diamond_chestplate":1,"minecraft:nether_bricks":15,"minecraft:diamond_boots":1,"minecraft:hay_block":122,"minecraft:gold_ingot":64,"minecraft:glow_berries":15,"minecraft:mutton":42,"minecraft:white_wool":21,"minecraft:leather":32,"minecraft:oak_log":67,"minecraft:golden_boots":2,"indrev:raw_tungsten":11,"minecraft:gunpowder":48,"minecraft:white_banner":3,"minecraft:apple":9,"minecraft:stone_bricks":14,"minecraft:rabbit_hide":2,"minecraft:iron_ingot":406,"minecraft:stone_pickaxe":5,"minecraft:cobweb":24,"minecraft:iron_sword":3,"minecraft:soul_sand":61,"minecraft:book":186,"minecraft:polished_andesite_stairs":1,"minecraft:quartz":165,"minecraft:amethyst_shard":32,"minecraft:spruce_sapling":4,"minecraft:blast_furnace":25,"minecraft:spruce_log":9,"minecraft:gold_ore":30,"minecraft:crying_obsidian":7,"minecraft:spider_eye":5,"minecraft:stone_axe":2,"minecraft:iron_helmet":3,"minecraft:cherry_sapling":60,"minecraft:black_wool":2,"minecraft:coal":251,"minecraft:ender_pearl":1,"minecraft:sunflower":3},"minecraft:custom":{"minecraft:animals_bred":3,"minecraft:interact_with_crafting_table":67,"minecraft:open_barrel":20,"goblintraders:trade_with_goblin":30,"minecraft:leave_game":12,"minecraft:time_since_death":91301,"minecraft:sprint_one_cm":1295018,"minecraft:damage_blocked_by_shield":8206,"minecraft:drop":178,"minecraft:play_time":563642,"minecraft:deaths":7,"minecraft:jump":7208,"minecraft:walk_on_water_one_cm":67064,"minecraft:enchant_item":5,"minecraft:interact_with_furnace":37,"minecraft:sleep_in_bed":16,"minecraft:damage_dealt":71917,"minecraft:crouch_one_cm":63171,"minecraft:inspect_dispenser":3,"minecraft:horse_one_cm":2147594,"minecraft:interact_with_anvil":5,"minecraft:mob_kills":319,"minecraft:climb_one_cm":4521,"minecraft:walk_one_cm":898781,"minecraft:sneak_time":31498,"minecraft:walk_under_water_one_cm":68831,"minecraft:interact_with_blast_furnace":35,"minecraft:total_world_time":563642,"minecraft:time_since_rest":28094,"minecraft:damage_absorbed":120,"minecraft:damage_taken":10637,"minecraft:swim_one_cm":33905,"minecraft:fly_one_cm":1747647,"minecraft:open_chest":255,"minecraft:fall_one_cm":185971},"minecraft:killed":{"minecraft:cave_spider":9,"minecraft:spider":16,"betternether:firefly":1,"minecraft:skeleton":35,"minecraft:piglin_brute":15,"artifacts:mimic":2,"minecraft:magma_cube":4,"minecraft:piglin":1,"minecraft:pig":9,"minecraft:zombie_villager":2,"adventurez:wither_puppet":3,"minecraft:creeper":16,"minecraft:sheep":8,"minecraft:pillager":12,"minecraft:zombie":81,"minecraft:blaze":13,"minecraft:cow":8,"minecraft:phantom":2,"friendsandfoes:mauler":5,"minecraft:husk":10,"minecraft:rabbit":3,"minecraft:hoglin":25,"friendsandfoes:moobloom":1,"minecraft:wither_skeleton":22,"minecraft:enderman":1},"minecraft:killed_by":{"minecraft:magma_cube":1,"minecraft:zombie":1,"mythicmounts:dragon":1,"minecraft:skeleton":4},"minecraft:used":{"minecraft:moss_carpet":1,"minecraft:iron_shovel":816,"minecraft:shield":114,"minecraft:iron_sword":567,"minecraft:soul_sand":5,"minecraft:nether_bricks":12,"minecraft:carrot":1,"minecraft:obsidian":10,"minecraft:bow":66,"minecraft:furnace":4,"minecraft:golden_boots":2,"minecraft:diamond_boots":3,"infusion_table:infusion_table":1,"minecraft:stone_pickaxe":233,"minecraft:oak_planks":3,"minecraft:wooden_pickaxe":12,"minecraft:golden_apple":6,"minecraft:blast_furnace":11,"croptopia:hamburger":1,"minecraft:netherite_helmet":2,"indrev:solid_infuser_mk1":1,"minecraft:black_terracotta":8,"minecraft:melon_slice":8,"minecraft:bread":14,"croptopia:toast":108,"minecraft:diamond_sword":317,"minecraft:experience_bottle":24,"minecraft:oak_fence":22,"minecraft:iron_bars":1,"minecraft:stone_sword":211,"minecraft:enchanting_table":1,"minecraft:flint_and_steel":12,"minecraft:spruce_planks":25,"minecraft:netherrack":94,"minecraft:orange_bed":5,"minecraft:stick":1,"minecraft:torch":119,"minecraft:anvil":1,"minecraft:dirt":233,"minecraft:wheat":10,"additionaladditions:chicken_nugget":1,"minecraft:oak_fence_gate":2,"minecraft:iron_axe":362,"minecraft:iron_boots":3,"minecraft:cherry_fence_gate":1,"minecraft:golden_carrot":8,"charm:oak_chest":4,"minecraft:cobbled_deepslate":6,"minecraft:cherry_fence":5,"minecraft:iron_leggings":3,"minecraft:water_bucket":87,"minecraft:cherry_planks":7,"minecraft:crafting_table":7,"supplementaries:bomb":1,"minecraft:spruce_log":1,"minecraft:dark_prismarine":1,"minecraft:diamond_pickaxe":636,"minecraft:iron_pickaxe":724,"charm:cherry_bookshelf":15,"minecraft:spruce_sapling":4,"minecraft:stone_axe":119,"minecraft:pink_petals":8,"onlyhammers:iron_hammer":107,"minecraft:cobblestone":217,"minecraft:potion":1,"charm:cherry_chest":4,"minecraft:bucket":88},"minecraft:dropped":{"minecraft:iron_sword":2,"minecraft:porkchop":4,"minecraft:glass_bottle":1,"minecraft:crossbow":2,"minecraft:glow_berries":9,"minecraft:leather":1,"minecraft:emerald":9,"minecraft:dirt":175,"mythicmetals:raw_platinum":1,"minecraft:dark_oak_fence":2,"indrev:solid_infuser_mk1":1,"croptopia:sweetpotato_seed":2,"minecraft:sunflower":3,"minecraft:gray_candle":3,"minecraft:bone":12,"minecraft:stone_axe":1,"croptopia:toast":1,"minecraft:iron_nugget":12,"mythicmetals:raw_quadrillum":6,"minecraft:golden_chestplate":1,"minecraft:obsidian":2,"minecraft:black_terracotta":1,"minecraft:rotten_flesh":37,"minecraft:oak_planks":1,"bosses_of_mass_destruction:soul_star":2,"supplementaries:ash":9,"minecraft:gunpowder":38,"minecraft:leather_leggings":2,"minecraft:arrow":18,"minecraft:cherry_fence":2,"minecraft:golden_boots":1,"minecraft:iron_ingot":4,"minecraft:wheat_seeds":45,"minecraft:golden_helmet":1,"minecraft:oak_fence":17,"minecraft:iron_helmet":2,"minecraft:cobblestone":3,"croptopia:sweetpotato":1,"minecraft:coal":18,"friendsandfoes:buttercup":1,"minecraft:stick":13,"minecraft:polished_andesite":1,"additionaladditions:chicken_nugget":1,"minecraft:diorite":26,"minecraft:rabbit":1,"minecraft:cherry_planks":4,"minecraft:iron_leggings":2,"minecraft:polished_andesite_stairs":1,"minecraft:iron_axe":5,"minecraft:iron_shovel":1,"minecraft:string":6,"minecraft:pink_petals":1271,"minecraft:polished_deepslate":2,"mythicmetals:platinum_ingot":2,"minecraft:stone_sword":1,"minecraft:raw_copper":34,"supplementaries:bomb":1,"minecraft:iron_boots":3,"minecraft:nether_bricks":2,"betternether:lapis_pile":6,"minecraft:polished_granite_stairs":2,"minecraft:spruce_trapdoor":1,"minecraft:spruce_planks":1,"minecraft:iron_chestplate":1,"indrev:raw_tin":2,"minecraft:golden_sword":1,"minecraft:spider_eye":2,"minecraft:bow":1,"minecraft:stone_pickaxe":1,"minecraft:wooden_pickaxe":1,"minecraft:calcite":3,"minecraft:black_wool":1},"minecraft:crafted":{"minecraft:oak_planks":108,"croptopia:toast":106,"minecraft:stone":4,"minecraft:cracked_stone_bricks":4,"minecraft:bow":1,"minecraft:iron_boots":2,"explorerscompass:explorerscompass":1,"minecraft:stone_bricks":4,"minecraft:oak_fence":27,"minecraft:cherry_fence":6,"minecraft:crafting_table":3,"minecraft:spruce_planks":32,"minecraft:iron_helmet":1,"minecraft:wooden_pickaxe":1,"charm:cherry_bookshelf":15,"indrev:silver_ingot":75,"minecraft:iron_chestplate":1,"minecraft:diamond_pickaxe":2,"minecraft:shield":3,"naturescompass:naturescompass":1,"indrev:tungsten_ingot":11,"minecraft:stick":90,"minecraft:iron_ingot":94,"minecraft:iron_pickaxe":3,"minecraft:compass":2,"minecraft:iron_block":5,"minecraft:stone_sword":2,"croptopia:chile_pepper_seed":1,"charm:cherry_chest":4,"minecraft:cherry_planks":180,"minecraft:coal":9,"minecraft:furnace":2,"charm:oak_chest":2,"mythicmetals:mythril_ingot":10,"minecraft:polished_deepslate":4,"onlyhammers:iron_hammer":1,"minecraft:iron_axe":3,"minecraft:stone_pickaxe":2,"minecraft:diamond_boots":1,"indrev:lead_ingot":25,"minecraft:golden_helmet":1,"croptopia:frying_pan":1,"indrev:tin_ingot":134,"minecraft:wheat":369,"minecraft:cherry_fence_gate":1,"croptopia:hamburger":17,"minecraft:diamond_sword":1,"minecraft:enchanting_table":1,"minecraft:iron_sword":2,"infusion_table:infusion_table":1,"minecraft:bucket":1,"minecraft:stone_axe":2,"minecraft:air":0,"minecraft:bread":117,"minecraft:oak_fence_gate":2,"minecraft:iron_shovel":3,"minecraft:iron_leggings":1,"minecraft:anvil":1,"minecraft:torch":36,"mythicmetals:orichalcum_ingot":5,"minecraft:lapis_lazuli":1,"minecraft:diamond_chestplate":1},"minecraft:mined":{"minecraft:spruce_planks":2,"mythicmetals:midas_gold_ore":5,"minecraft:black_terracotta":10,"betternether:nether_reed_stem":4,"minecraft:cherry_log":150,"minecraft:sculk_vein":1,"minecraft:jungle_leaves":1,"indrev:deepslate_tungsten_ore":10,"minecraft:obsidian":11,"minecraft:spruce_trapdoor":1,"minecraft:granite":4,"betternether:lumabus_vine":2,"universal_ores:tuff_gold_ore":1,"minecraft:grass_block":710,"minecraft:coal_block":7,"minecraft:soul_soil":27,"minecraft:nether_wart":10,"betternether:cincinnasite_ore":15,"minecraft:spawner":35,"indrev:deepslate_tin_ore":65,"mythicmetals:deepslate_orichalcum_ore":5,"minecraft:iron_ore":141,"minecraft:fire":9,"minecraft:deepslate_lapis_ore":7,"minecraft:sculk_shrieker":2,"minecraft:iron_bars":1,"minecraft:polished_granite_stairs":1,"minecraft:orange_bed":5,"universal_ores:diorite_iron_ore":24,"betternether:bone_mushroom":1,"minecraft:deepslate_redstone_ore":10,"betternether:netherrack_stalactite":1,"minecraft:blackstone":9,"minecraft:amethyst_cluster":5,"universal_ores:granite_iron_ore":2,"minecraft:torch":30,"things:deepslate_gleaming_ore":2,"indrev:nikolite_ore":2,"minecraft:blast_furnace":11,"minecraft:calcite":6,"minecraft:polished_andesite_stairs":1,"minecraft:melon":10,"minecraft:nether_quartz_ore":127,"minecraft:cobblestone":21,"minecraft:oak_planks":3,"minecraft:sugar_cane":9,"minecraft:smooth_sandstone_slab":1,"betternether:nether_ruby_ore":12,"minecraft:wall_torch":2,"minecraft:amethyst_block":5,"indrev:tin_ore":71,"minecraft:pink_petals":161,"mythicmetals:aquarium_ore":1,"minecraft:tnt":1,"indrev:lead_ore":9,"croptopia:chile_pepper_crop":1,"minecraft:grass":88,"minecraft:oak_log":27,"minecraft:dirt":41,"blockus:limestone":22,"minecraft:smooth_basalt":5,"minecraft:netherrack":232,"minecraft:oak_leaves":4,"minecraft:deepslate":49,"minecraft:gray_candle":1,"blockus:bluestone":3,"minecraft:nether_gold_ore":1,"minecraft:dark_prismarine":2,"minecraft:diamond_ore":1,"minecraft:crying_obsidian":4,"indrev:silver_ore":4,"minecraft:deepslate_diamond_ore":9,"betternether:bone_grass":5,"mythicmetals:osmium_ore":2,"minecraft:dark_oak_fence":6,"minecraft:nether_bricks":18,"minecraft:stone_button":1,"indrev:deepslate_lead_ore":15,"minecraft:spruce_leaves":4,"minecraft:rooted_dirt":1,"minecraft:hay_block":41,"minecraft:redstone_ore":4,"mythicmetals:quadrillum_ore":2,"minecraft:furnace":2,"universal_ores:granite_coal_ore":10,"minecraft:andesite":86,"mythicmetals:deepslate_mythril_ore":9,"indrev:deepslate_nikolite_ore":30,"croptopia:peach_crop":4,"minecraft:gold_block":3,"minecraft:bookshelf":31,"minecraft:deepslate_iron_ore":10,"minecraft:vine":1,"betternether:nether_lapis_ore":6,"minecraft:bamboo":1,"minecraft:stone":827,"mythicmetals:platinum_ore":2,"minecraft:cherry_planks":4,"minecraft:soul_sand":62,"universal_ores:granite_lapis_ore":1,"croptopia:sweetpotato_crop":1,"charm:oak_chest":2,"minecraft:crafting_table":4,"betternether:mushroom_grass":4,"minecraft:copper_ore":29,"minecraft:tall_grass":2,"minecraft:deepslate_coal_ore":1,"blockus:marble":4,"minecraft:lapis_ore":20,"minecraft:deepslate_gold_ore":17,"indrev:deepslate_silver_ore":67,"minecraft:sculk":1,"minecraft:diorite":23,"supplementaries:urn":40,"minecraft:red_terracotta":1,"minecraft:coarse_dirt":3,"minecraft:spruce_log":9,"minecraft:coal_ore":69,"minecraft:cherry_leaves":39,"minecraft:gravel":2,"minecraft:cobweb":4,"minecraft:polished_andesite":4,"minecraft:stone_bricks":14,"minecraft:gold_ore":11,"minecraft:fern":1}},"DataVersion":3465}