{"stats":{"minecraft:dropped":{"minecraft:stone_sword":2,"minecraft:cobblestone":1,"minecraft:red_mushroom":1,"supplementaries:flax_seeds":2,"minecraft:dark_oak_log":1,"minecraft:oak_sapling":1,"minecraft:wooden_pickaxe":1},"minecraft:killed":{"minecraft:pig":7,"minecraft:spider":1,"minecraft:skeleton":1,"minecraft:sheep":5,"minecraft:zombie":2,"friendsandfoes:mauler":1,"minecraft:cow":28},"minecraft:mined":{"minecraft:deepslate_redstone_ore":4,"croptopia:starfruit_crop":2,"croptopia:pepper_crop":1,"minecraft:white_bed":2,"croptopia:orange_crop":1,"minecraft:mossy_cobblestone":1,"minecraft:dark_oak_log":1,"minecraft:crafting_table":3,"minecraft:grass_block":2,"minecraft:dead_bush":1,"minecraft:copper_ore":1,"minecraft:tall_grass":4,"minecraft:cobblestone":4,"indrev:deepslate_lead_ore":2,"minecraft:deepslate_coal_ore":156,"universal_ores:tuff_coal_ore":4,"minecraft:moss_block":1,"minecraft:red_mushroom":1,"indrev:deepslate_silver_ore":6,"minecraft:rooted_dirt":2,"minecraft:hay_block":71,"minecraft:large_fern":3,"supplementaries:urn":6,"indrev:deepslate_tin_ore":7,"minecraft:coarse_dirt":2,"minecraft:furnace":1,"minecraft:iron_ore":24,"minecraft:cobbled_deepslate":1,"minecraft:spruce_log":8,"minecraft:deepslate_lapis_ore":4,"indrev:deepslate_nikolite_ore":6,"minecraft:grass":15,"minecraft:oak_log":35,"minecraft:coal_ore":76,"minecraft:deepslate_iron_ore":15,"minecraft:vine":1,"minecraft:dirt":4,"minecraft:stone":89,"minecraft:deepslate":31,"minecraft:fern":1},"minecraft:used":{"minecraft:moss_block":1,"minecraft:water_bucket":5,"minecraft:stone_sword":110,"minecraft:stone_pickaxe":393,"minecraft:wooden_pickaxe":7,"minecraft:shield":4,"minecraft:iron_sword":7,"minecraft:torch":18,"minecraft:mossy_cobblestone":1,"minecraft:dirt":6,"minecraft:crafting_table":5,"minecraft:white_bed":2,"croptopia:orange":4,"minecraft:rooted_dirt":2,"minecraft:bread":12,"minecraft:iron_pickaxe":44,"minecraft:stone_axe":40,"minecraft:cobblestone":9,"charm:oak_chest":6,"minecraft:oak_sapling":1,"minecraft:furnace":4,"minecraft:bucket":6,"minecraft:coarse_dirt":2,"minecraft:cooked_beef":5,"minecraft:cobbled_deepslate":1,"minecraft:iron_leggings":1},"minecraft:crafted":{"minecraft:cooked_beef":60,"minecraft:oak_planks":76,"minecraft:crafting_table":2,"minecraft:wooden_pickaxe":1,"minecraft:iron_helmet":1,"minecraft:furnace":3,"minecraft:bucket":1,"charm:oak_chest":6,"minecraft:stone_axe":1,"minecraft:bread":21,"minecraft:air":0,"minecraft:iron_boots":1,"minecraft:iron_chestplate":1,"minecraft:shield":1,"minecraft:stick":20,"minecraft:iron_ingot":11,"minecraft:iron_pickaxe":1,"minecraft:stone_pickaxe":3,"minecraft:stone_sword":2,"minecraft:iron_leggings":1,"minecraft:torch":40,"minecraft:wheat":63},"minecraft:picked_up":{"minecraft:crafting_table":3,"minecraft:coarse_dirt":2,"minecraft:leather":33,"minecraft:red_mushroom":1,"supplementaries:flax_seeds":2,"minecraft:oak_log":35,"indrev:raw_tin":7,"minecraft:dirt":6,"minecraft:raw_copper":5,"minecraft:bone":6,"minecraft:wheat_seeds":2,"minecraft:cobbled_deepslate":32,"indrev:raw_silver":6,"minecraft:beef":60,"minecraft:moss_block":1,"minecraft:furnace":1,"minecraft:stick":4,"minecraft:raw_iron":43,"croptopia:starfruit":2,"minecraft:porkchop":12,"minecraft:spruce_sapling":6,"minecraft:white_bed":2,"minecraft:spruce_log":8,"minecraft:redstone":19,"minecraft:dark_oak_log":1,"minecraft:mossy_cobblestone":1,"indrev:raw_lead":2,"minecraft:hay_block":71,"croptopia:orange":4,"minecraft:emerald":5,"minecraft:rooted_dirt":2,"supplementaries:ash":11,"indrev:nikolite_dust":27,"minecraft:oak_sapling":2,"minecraft:mutton":8,"minecraft:coal":243,"minecraft:white_wool":5,"minecraft:cobblestone":91},"minecraft:custom":{"minecraft:interact_with_furnace":31,"minecraft:mob_kills":45,"minecraft:interact_with_crafting_table":25,"minecraft:open_barrel":10,"minecraft:leave_game":3,"minecraft:time_since_death":78030,"minecraft:sleep_in_bed":3,"minecraft:climb_one_cm":288,"minecraft:time_since_rest":45762,"minecraft:sprint_one_cm":153968,"minecraft:damage_taken":625,"minecraft:walk_one_cm":110139,"minecraft:damage_blocked_by_shield":240,"minecraft:drop":8,"minecraft:damage_dealt":4590,"minecraft:swim_one_cm":6392,"minecraft:fly_one_cm":232400,"minecraft:open_chest":17,"minecraft:crouch_one_cm":10685,"minecraft:play_time":78030,"minecraft:sneak_time":6115,"minecraft:walk_under_water_one_cm":329,"minecraft:jump":979,"minecraft:walk_on_water_one_cm":1739,"minecraft:total_world_time":78030,"minecraft:fall_one_cm":25452},"minecraft:broken":{"minecraft:stone_pickaxe":3}},"DataVersion":3465}