{"stats":{"minecraft:dropped":{"minecraft:stone_sword":2,"minecraft:cobblestone":1,"minecraft:dark_oak_log":1,"minecraft:oak_sapling":1,"minecraft:wooden_pickaxe":1},"minecraft:killed":{"minecraft:pig":7,"minecraft:spider":1,"minecraft:skeleton":1,"minecraft:sheep":5,"minecraft:zombie":2,"friendsandfoes:mauler":1,"minecraft:cow":28},"minecraft:used":{"minecraft:water_bucket":4,"minecraft:stone_sword":110,"minecraft:stone_pickaxe":289,"minecraft:shield":4,"minecraft:wooden_pickaxe":7,"minecraft:iron_sword":7,"minecraft:torch":5,"minecraft:mossy_cobblestone":1,"minecraft:dirt":6,"minecraft:crafting_table":4,"minecraft:white_bed":2,"croptopia:orange":4,"minecraft:rooted_dirt":2,"minecraft:bread":10,"minecraft:iron_pickaxe":4,"minecraft:stone_axe":40,"minecraft:cobblestone":6,"charm:oak_chest":6,"minecraft:furnace":3,"minecraft:oak_sapling":1,"minecraft:bucket":5,"minecraft:cobbled_deepslate":1,"minecraft:cooked_beef":5,"minecraft:coarse_dirt":2},"minecraft:mined":{"minecraft:deepslate_redstone_ore":4,"croptopia:starfruit_crop":2,"croptopia:pepper_crop":1,"minecraft:white_bed":2,"croptopia:orange_crop":1,"minecraft:mossy_cobblestone":1,"minecraft:dark_oak_log":1,"minecraft:crafting_table":3,"minecraft:grass_block":2,"minecraft:dead_bush":1,"minecraft:tall_grass":4,"minecraft:copper_ore":1,"minecraft:cobblestone":4,"minecraft:deepslate_coal_ore":57,"minecraft:rooted_dirt":2,"supplementaries:urn":3,"minecraft:large_fern":3,"indrev:deepslate_tin_ore":6,"minecraft:hay_block":71,"minecraft:coarse_dirt":2,"minecraft:furnace":1,"minecraft:iron_ore":24,"minecraft:cobbled_deepslate":1,"minecraft:spruce_log":8,"indrev:deepslate_nikolite_ore":1,"minecraft:grass":15,"minecraft:oak_log":35,"minecraft:coal_ore":76,"minecraft:deepslate_iron_ore":13,"minecraft:vine":1,"minecraft:dirt":4,"minecraft:stone":89,"minecraft:deepslate":14,"minecraft:fern":1},"minecraft:crafted":{"minecraft:cooked_beef":60,"minecraft:oak_planks":68,"minecraft:crafting_table":1,"minecraft:wooden_pickaxe":1,"minecraft:furnace":2,"minecraft:bucket":1,"charm:oak_chest":6,"minecraft:stone_axe":1,"minecraft:bread":21,"minecraft:air":0,"minecraft:shield":1,"minecraft:stick":12,"minecraft:iron_ingot":7,"minecraft:iron_pickaxe":1,"minecraft:stone_pickaxe":3,"minecraft:stone_sword":2,"minecraft:torch":8,"minecraft:wheat":63},"minecraft:picked_up":{"minecraft:coarse_dirt":2,"minecraft:crafting_table":3,"minecraft:leather":33,"minecraft:oak_log":35,"indrev:raw_tin":6,"minecraft:dirt":6,"minecraft:raw_copper":5,"minecraft:bone":6,"minecraft:wheat_seeds":2,"minecraft:cobbled_deepslate":15,"minecraft:beef":60,"minecraft:furnace":1,"minecraft:stick":4,"minecraft:raw_iron":37,"croptopia:starfruit":2,"minecraft:porkchop":12,"minecraft:spruce_sapling":6,"minecraft:white_bed":2,"minecraft:spruce_log":8,"minecraft:redstone":19,"minecraft:dark_oak_log":1,"minecraft:mossy_cobblestone":1,"croptopia:orange":4,"minecraft:hay_block":71,"minecraft:emerald":5,"indrev:nikolite_dust":4,"minecraft:rooted_dirt":2,"supplementaries:ash":4,"minecraft:oak_sapling":2,"minecraft:mutton":8,"minecraft:coal":138,"minecraft:white_wool":5,"minecraft:cobblestone":91},"minecraft:custom":{"minecraft:interact_with_furnace":27,"minecraft:mob_kills":45,"minecraft:interact_with_crafting_table":20,"minecraft:open_barrel":10,"minecraft:leave_game":1,"minecraft:time_since_death":66779,"minecraft:sleep_in_bed":3,"minecraft:climb_one_cm":54,"minecraft:time_since_rest":34511,"minecraft:sprint_one_cm":143087,"minecraft:damage_taken":625,"minecraft:walk_one_cm":91364,"minecraft:damage_blocked_by_shield":240,"minecraft:drop":6,"minecraft:damage_dealt":4590,"minecraft:swim_one_cm":6392,"minecraft:fly_one_cm":229652,"minecraft:open_chest":17,"minecraft:crouch_one_cm":9708,"minecraft:play_time":66779,"minecraft:sneak_time":5277,"minecraft:walk_under_water_one_cm":329,"minecraft:jump":917,"minecraft:walk_on_water_one_cm":1058,"minecraft:total_world_time":66779,"minecraft:fall_one_cm":25452},"minecraft:broken":{"minecraft:stone_pickaxe":2}},"DataVersion":3465}