{"stats":{"minecraft:dropped":{"minecraft:stone_axe":1,"minecraft:stone_sword":2,"minecraft:cobblestone":1,"minecraft:red_mushroom":1,"minecraft:emerald":5,"supplementaries:flax_seeds":2,"minecraft:dark_oak_log":1,"minecraft:oak_sapling":1,"minecraft:iron_pickaxe":1,"minecraft:wooden_pickaxe":1,"minecraft:bone":6},"minecraft:killed":{"minecraft:pig":7,"minecraft:spider":1,"minecraft:creeper":1,"minecraft:skeleton":1,"minecraft:sheep":5,"minecraft:zombie":2,"friendsandfoes:mauler":1,"minecraft:cow":28},"minecraft:mined":{"minecraft:deepslate_redstone_ore":10,"croptopia:starfruit_crop":2,"croptopia:pepper_crop":1,"minecraft:white_bed":2,"croptopia:orange_crop":1,"minecraft:mossy_cobblestone":1,"minecraft:dark_oak_log":1,"indrev:deepslate_tungsten_ore":9,"minecraft:crafting_table":4,"minecraft:grass_block":2,"minecraft:dead_bush":1,"minecraft:copper_ore":1,"minecraft:tall_grass":4,"minecraft:cobblestone":4,"minecraft:deepslate_coal_ore":245,"indrev:deepslate_lead_ore":2,"minecraft:deepslate_gold_ore":3,"universal_ores:tuff_coal_ore":4,"minecraft:moss_block":1,"minecraft:red_mushroom":1,"indrev:deepslate_silver_ore":12,"minecraft:rooted_dirt":2,"mythicmetals:deepslate_orichalcum_ore":2,"supplementaries:urn":6,"minecraft:hay_block":71,"minecraft:large_fern":3,"indrev:deepslate_tin_ore":19,"minecraft:coarse_dirt":2,"minecraft:furnace":1,"minecraft:iron_ore":24,"minecraft:cobbled_deepslate":1,"minecraft:spruce_log":8,"indrev:deepslate_nikolite_ore":14,"minecraft:deepslate_lapis_ore":4,"minecraft:grass":15,"minecraft:oak_log":35,"minecraft:coal_ore":76,"minecraft:deepslate_iron_ore":16,"minecraft:vine":2,"minecraft:dirt":4,"minecraft:stone":89,"minecraft:deepslate":40,"minecraft:fern":1},"minecraft:used":{"minecraft:moss_block":1,"minecraft:water_bucket":6,"minecraft:stone_sword":110,"minecraft:stone_pickaxe":393,"minecraft:wooden_pickaxe":7,"minecraft:shield":6,"minecraft:iron_sword":14,"minecraft:torch":32,"minecraft:mossy_cobblestone":1,"minecraft:dirt":6,"minecraft:crafting_table":8,"minecraft:white_bed":2,"croptopia:orange":4,"minecraft:diamond_pickaxe":3,"minecraft:rooted_dirt":2,"minecraft:bread":15,"minecraft:iron_pickaxe":186,"minecraft:stone_axe":41,"minecraft:cobblestone":15,"charm:oak_chest":6,"minecraft:oak_sapling":1,"minecraft:furnace":4,"minecraft:bucket":7,"minecraft:coarse_dirt":2,"minecraft:cooked_beef":5,"minecraft:cobbled_deepslate":1,"minecraft:iron_leggings":1},"minecraft:crafted":{"minecraft:cooked_beef":60,"minecraft:coal_block":31,"minecraft:oak_planks":84,"minecraft:crafting_table":4,"minecraft:spruce_planks":4,"minecraft:wooden_pickaxe":1,"minecraft:iron_helmet":1,"minecraft:furnace":3,"minecraft:bucket":1,"charm:oak_chest":6,"minecraft:stone_axe":1,"minecraft:bread":21,"minecraft:air":0,"minecraft:diamond_pickaxe":1,"minecraft:iron_boots":1,"minecraft:iron_chestplate":1,"minecraft:shield":1,"minecraft:stick":24,"minecraft:iron_ingot":11,"minecraft:iron_pickaxe":1,"minecraft:stone_pickaxe":3,"minecraft:stone_sword":2,"minecraft:iron_leggings":1,"minecraft:torch":48,"minecraft:wheat":63},"minecraft:picked_up":{"minecraft:crafting_table":4,"minecraft:coarse_dirt":2,"minecraft:leather":33,"minecraft:red_mushroom":1,"minecraft:oak_log":35,"supplementaries:flax_seeds":2,"indrev:raw_tungsten":9,"minecraft:lapis_lazuli":25,"indrev:raw_tin":19,"minecraft:dirt":6,"minecraft:raw_copper":5,"minecraft:bone":6,"minecraft:wheat_seeds":2,"minecraft:cobbled_deepslate":41,"minecraft:raw_gold":3,"indrev:raw_silver":12,"minecraft:beef":60,"minecraft:oak_planks":2,"minecraft:moss_block":1,"mythicmetals:raw_orichalcum":2,"minecraft:furnace":1,"minecraft:stick":4,"minecraft:raw_iron":44,"croptopia:starfruit":2,"minecraft:porkchop":12,"minecraft:spruce_sapling":6,"minecraft:white_bed":2,"minecraft:spruce_log":15,"minecraft:redstone":46,"minecraft:dark_oak_log":1,"minecraft:mossy_cobblestone":1,"indrev:raw_lead":2,"minecraft:hay_block":71,"croptopia:orange":4,"minecraft:emerald":5,"minecraft:rooted_dirt":2,"supplementaries:ash":11,"indrev:nikolite_dust":64,"minecraft:oak_sapling":2,"minecraft:mutton":8,"minecraft:coal":332,"minecraft:white_wool":5,"minecraft:cobblestone":91},"minecraft:custom":{"minecraft:interact_with_furnace":31,"minecraft:mob_kills":47,"minecraft:interact_with_crafting_table":28,"minecraft:open_barrel":10,"minecraft:leave_game":4,"minecraft:time_since_death":88547,"minecraft:sleep_in_bed":3,"minecraft:climb_one_cm":737,"minecraft:time_since_rest":56279,"minecraft:sprint_one_cm":170834,"minecraft:damage_taken":748,"minecraft:walk_one_cm":132176,"minecraft:damage_blocked_by_shield":360,"minecraft:drop":12,"minecraft:damage_dealt":4970,"minecraft:swim_one_cm":6392,"minecraft:fly_one_cm":236870,"minecraft:open_chest":17,"minecraft:crouch_one_cm":11572,"minecraft:play_time":88547,"minecraft:sneak_time":6644,"minecraft:walk_under_water_one_cm":329,"minecraft:jump":1061,"minecraft:walk_on_water_one_cm":4930,"minecraft:total_world_time":88547,"minecraft:fall_one_cm":26621},"minecraft:broken":{"minecraft:stone_pickaxe":3}},"DataVersion":3465}