{"stats":{"minecraft:killed_by":{"minecraft:skeleton":4,"minecraft:zombie":1,"mythicmounts:dragon":1},"minecraft:custom":{"minecraft:mob_kills":174,"minecraft:animals_bred":3,"minecraft:interact_with_crafting_table":36,"minecraft:open_barrel":5,"goblintraders:trade_with_goblin":30,"minecraft:leave_game":7,"minecraft:time_since_death":89140,"minecraft:climb_one_cm":1228,"minecraft:sprint_one_cm":645148,"minecraft:walk_one_cm":443373,"minecraft:damage_blocked_by_shield":2970,"minecraft:drop":103,"minecraft:play_time":239948,"minecraft:deaths":6,"minecraft:sneak_time":12764,"minecraft:walk_under_water_one_cm":5892,"minecraft:jump":3064,"minecraft:walk_on_water_one_cm":15615,"minecraft:total_world_time":239948,"minecraft:interact_with_furnace":23,"minecraft:sleep_in_bed":8,"minecraft:time_since_rest":6773,"minecraft:damage_taken":5564,"minecraft:damage_absorbed":40,"minecraft:damage_dealt":36355,"minecraft:swim_one_cm":26361,"minecraft:fly_one_cm":602121,"minecraft:open_chest":53,"minecraft:crouch_one_cm":27302,"minecraft:fall_one_cm":77902,"minecraft:horse_one_cm":644478},"minecraft:used":{"minecraft:oak_fence":22,"minecraft:moss_carpet":1,"minecraft:iron_shovel":265,"minecraft:stone_sword":211,"minecraft:iron_bars":1,"minecraft:shield":51,"minecraft:iron_sword":292,"minecraft:orange_bed":5,"minecraft:torch":39,"minecraft:dirt":116,"minecraft:wheat":10,"minecraft:carrot":1,"additionaladditions:chicken_nugget":1,"minecraft:oak_fence_gate":2,"minecraft:iron_axe":111,"minecraft:cherry_fence_gate":1,"charm:oak_chest":4,"minecraft:furnace":4,"minecraft:cherry_fence":5,"minecraft:iron_leggings":3,"minecraft:water_bucket":5,"minecraft:stone_pickaxe":233,"minecraft:oak_planks":3,"minecraft:wooden_pickaxe":12,"minecraft:golden_apple":1,"minecraft:crafting_table":7,"supplementaries:bomb":1,"indrev:solid_infuser_mk1":1,"minecraft:diamond_pickaxe":25,"minecraft:dark_prismarine":1,"minecraft:bread":14,"minecraft:melon_slice":8,"minecraft:iron_pickaxe":515,"minecraft:stone_axe":119,"onlyhammers:iron_hammer":107,"minecraft:pink_petals":4,"croptopia:toast":47,"minecraft:cobblestone":119,"minecraft:potion":1,"minecraft:bucket":6},"minecraft:killed":{"minecraft:cave_spider":9,"minecraft:spider":6,"minecraft:skeleton":20,"minecraft:husk":5,"minecraft:pig":9,"minecraft:zombie_villager":2,"minecraft:hoglin":23,"minecraft:creeper":13,"minecraft:sheep":8,"minecraft:zombie":56,"friendsandfoes:moobloom":1,"minecraft:wither_skeleton":8,"minecraft:cow":8},"minecraft:broken":{"minecraft:stone_sword":1,"minecraft:stone_pickaxe":1,"minecraft:shield":1,"minecraft:stone_axe":1,"minecraft:iron_pickaxe":2},"minecraft:crafted":{"minecraft:cherry_planks":44,"minecraft:oak_planks":108,"minecraft:coal":9,"minecraft:furnace":2,"croptopia:toast":72,"minecraft:stone":4,"charm:oak_chest":2,"minecraft:cracked_stone_bricks":4,"minecraft:iron_boots":1,"onlyhammers:iron_hammer":1,"explorerscompass:explorerscompass":1,"minecraft:iron_axe":1,"minecraft:stone_pickaxe":2,"minecraft:stone_bricks":4,"minecraft:oak_fence":27,"minecraft:cherry_fence":6,"minecraft:cherry_fence_gate":1,"minecraft:wheat":216,"minecraft:crafting_table":3,"minecraft:iron_helmet":1,"minecraft:wooden_pickaxe":1,"minecraft:iron_sword":2,"minecraft:bucket":1,"minecraft:stone_axe":2,"minecraft:bread":66,"minecraft:air":0,"minecraft:oak_fence_gate":2,"minecraft:iron_chestplate":1,"minecraft:diamond_pickaxe":1,"minecraft:shield":2,"minecraft:stick":72,"minecraft:iron_ingot":60,"minecraft:compass":1,"minecraft:iron_pickaxe":3,"minecraft:iron_block":2,"minecraft:stone_sword":2,"minecraft:iron_shovel":1,"minecraft:iron_leggings":1,"minecraft:torch":36,"croptopia:chile_pepper_seed":1},"minecraft:dropped":{"minecraft:golden_boots":1,"minecraft:iron_ingot":4,"minecraft:iron_sword":2,"minecraft:porkchop":4,"minecraft:wheat_seeds":10,"minecraft:glass_bottle":1,"minecraft:oak_fence":17,"minecraft:cobblestone":3,"minecraft:glow_berries":9,"croptopia:sweetpotato":1,"minecraft:leather":1,"minecraft:coal":18,"minecraft:emerald":9,"minecraft:stick":4,"minecraft:dirt":173,"additionaladditions:chicken_nugget":1,"mythicmetals:raw_platinum":1,"minecraft:diorite":2,"indrev:solid_infuser_mk1":1,"minecraft:cherry_planks":4,"croptopia:sweetpotato_seed":2,"minecraft:iron_leggings":2,"minecraft:sunflower":1,"minecraft:polished_andesite_stairs":1,"minecraft:gray_candle":3,"minecraft:pink_petals":548,"minecraft:string":5,"minecraft:bone":10,"minecraft:stone_axe":1,"mythicmetals:platinum_ingot":2,"croptopia:toast":1,"mythicmetals:raw_quadrillum":6,"minecraft:golden_chestplate":1,"minecraft:stone_sword":1,"minecraft:raw_copper":34,"supplementaries:bomb":1,"minecraft:rotten_flesh":20,"minecraft:oak_planks":1,"bosses_of_mass_destruction:soul_star":1,"supplementaries:ash":9,"minecraft:gunpowder":23,"minecraft:spruce_trapdoor":1,"indrev:raw_tin":2,"minecraft:leather_leggings":2,"minecraft:spider_eye":1,"minecraft:arrow":10,"minecraft:stone_pickaxe":1,"minecraft:wooden_pickaxe":1,"minecraft:calcite":3,"minecraft:black_wool":1},"minecraft:mined":{"minecraft:dark_prismarine":2,"minecraft:crying_obsidian":3,"minecraft:diamond_ore":1,"indrev:silver_ore":4,"minecraft:deepslate_diamond_ore":9,"minecraft:cherry_log":11,"mythicmetals:osmium_ore":2,"indrev:deepslate_tungsten_ore":2,"minecraft:obsidian":8,"minecraft:spruce_trapdoor":1,"minecraft:granite":3,"minecraft:stone_button":1,"universal_ores:tuff_gold_ore":1,"minecraft:grass_block":247,"minecraft:coal_block":7,"indrev:deepslate_lead_ore":1,"minecraft:rooted_dirt":1,"minecraft:spawner":8,"indrev:deepslate_tin_ore":38,"minecraft:hay_block":41,"minecraft:redstone_ore":4,"universal_ores:granite_coal_ore":10,"mythicmetals:quadrillum_ore":2,"minecraft:furnace":2,"minecraft:iron_ore":135,"minecraft:andesite":86,"minecraft:deepslate_lapis_ore":5,"indrev:deepslate_nikolite_ore":15,"croptopia:peach_crop":4,"minecraft:sculk_shrieker":2,"minecraft:bookshelf":31,"minecraft:deepslate_iron_ore":10,"minecraft:iron_bars":1,"minecraft:bamboo":1,"minecraft:stone":730,"minecraft:orange_bed":5,"universal_ores:diorite_iron_ore":24,"minecraft:deepslate_redstone_ore":10,"mythicmetals:platinum_ore":2,"universal_ores:granite_iron_ore":2,"croptopia:sweetpotato_crop":1,"universal_ores:granite_lapis_ore":1,"charm:oak_chest":2,"minecraft:crafting_table":4,"minecraft:torch":1,"indrev:nikolite_ore":2,"minecraft:blast_furnace":11,"minecraft:calcite":3,"minecraft:polished_andesite_stairs":1,"minecraft:melon":10,"minecraft:copper_ore":29,"minecraft:tall_grass":2,"minecraft:deepslate_coal_ore":1,"minecraft:cobblestone":2,"blockus:marble":4,"minecraft:deepslate_gold_ore":17,"minecraft:lapis_ore":20,"minecraft:oak_planks":3,"minecraft:sugar_cane":9,"minecraft:sculk":1,"indrev:deepslate_silver_ore":34,"minecraft:diorite":11,"indrev:tin_ore":71,"minecraft:pink_petals":31,"supplementaries:urn":22,"minecraft:coarse_dirt":3,"mythicmetals:aquarium_ore":1,"minecraft:tnt":1,"indrev:lead_ore":9,"croptopia:chile_pepper_crop":1,"minecraft:grass":16,"minecraft:coal_ore":69,"minecraft:oak_log":27,"minecraft:gravel":1,"minecraft:cherry_leaves":12,"minecraft:dirt":27,"minecraft:cobweb":4,"blockus:limestone":22,"minecraft:gold_ore":11,"minecraft:deepslate":19,"minecraft:oak_leaves":3,"minecraft:gray_candle":1,"minecraft:fern":1,"blockus:bluestone":2},"minecraft:picked_up":{"croptopia:toast":164,"minecraft:iron_chestplate":2,"minecraft:crafting_table":5,"artifacts:night_vision_goggles":2,"croptopia:peach":42,"minecraft:leather_leggings":2,"croptopia:sweetpotato_seed":2,"minecraft:enchanted_book":1,"minecraft:potion":4,"minecraft:shield":3,"minecraft:string":8,"mythicmetals:raw_aquarium":2,"minecraft:moss_carpet":1,"minecraft:raw_copper":102,"minecraft:iron_axe":2,"minecraft:iron_leggings":4,"blockus:marble":1,"supplementaries:bomb":2,"additionaladditions:chicken_nugget":2,"mythicmetals:mythril_drill_smithing_template":8,"bosses_of_mass_destruction:soul_star":1,"minecraft:bucket":2,"indrev:raw_silver":46,"minecraft:beef":43,"additionaladditions:rose_gold_upgrade":10,"minecraft:calcite":6,"minecraft:iron_pickaxe":5,"minecraft:coal_block":14,"minecraft:melon_slice":149,"minecraft:sugar_cane":28,"minecraft:spruce_trapdoor":1,"minecraft:iron_boots":2,"minecraft:furnace":2,"minecraft:raw_iron":134,"minecraft:stick":10,"mythicmetals:platinum_ingot":2,"charm:oak_chest":2,"minecraft:oak_fence":12,"minecraft:torch":131,"minecraft:porkchop":97,"minecraft:cherry_log":44,"minecraft:diorite":2,"minecraft:carrot":32,"minecraft:redstone":128,"minecraft:golden_chestplate":1,"minecraft:orange_bed":6,"indrev:raw_lead":26,"minecraft:stone_sword":4,"minecraft:arrow":12,"minecraft:rotten_flesh":32,"minecraft:hay_block":122,"supplementaries:antique_ink":4,"minecraft:gold_ingot":50,"supplementaries:ash":9,"minecraft:mutton":42,"minecraft:glow_berries":15,"minecraft:obsidian":10,"minecraft:iron_bars":1,"minecraft:white_wool":21,"minecraft:cobblestone":339,"minecraft:pink_petals":552,"minecraft:leather":32,"minecraft:potato":6,"minecraft:cherry_fence":1,"minecraft:oak_log":67,"minecraft:golden_boots":1,"indrev:raw_tungsten":2,"minecraft:gunpowder":44,"mythicmetals:raw_platinum":1,"artifacts:pickaxe_heater":2,"indrev:raw_tin":219,"minecraft:lapis_lazuli":498,"mythicmetals:carmot_staff_smithing_template":2,"minecraft:dirt":482,"minecraft:name_tag":6,"minecraft:bone":45,"minecraft:apple":9,"croptopia:sweetpotato":1,"minecraft:wheat_seeds":12,"minecraft:raw_gold":9,"minecraft:iron_ingot":366,"minecraft:stone_pickaxe":5,"minecraft:cobweb":24,"minecraft:bamboo":53,"minecraft:gray_candle":3,"minecraft:iron_sword":3,"minecraft:oak_planks":12,"minecraft:book":186,"minecraft:polished_andesite_stairs":1,"croptopia:chile_pepper_seed":5,"mythicmetals:raw_quadrillum":12,"minecraft:crying_obsidian":3,"minecraft:blast_furnace":25,"minecraft:spider_eye":4,"minecraft:dark_prismarine":1,"croptopia:chile_pepper":1,"minecraft:diamond":32,"minecraft:stone_axe":2,"conjuring:conjuration_essence":7,"minecraft:iron_helmet":2,"minecraft:granite":1,"minecraft:golden_apple":3,"minecraft:emerald":17,"minecraft:bread":20,"indrev:nikolite_dust":78,"minecraft:oak_sapling":4,"minecraft:black_wool":2,"minecraft:coal":248,"minecraft:sunflower":1}},"DataVersion":3465}