{"stats":{"minecraft:dropped":{"betternether:wall_mushroom_red":5,"minecraft:moss_block":2,"minecraft:orange_tulip":5,"minecraft:weeping_vines":1,"minecraft:cracked_stone_bricks":3,"minecraft:red_mushroom":2,"minecraft:emerald":5,"minecraft:dirt":1,"minecraft:dark_oak_log":1,"minecraft:bone_meal":3,"minecraft:iron_pickaxe":3,"minecraft:gold_ingot":1,"minecraft:bone":8,"minecraft:stone_axe":1,"minecraft:blackstone":1,"minecraft:cobbled_deepslate":1,"minecraft:andesite_slab":2,"minecraft:rotten_flesh":1,"supplementaries:flax_seeds":2,"minecraft:quartz":16,"minecraft:netherrack":14,"minecraft:wheat_seeds":2,"minecraft:cobblestone":2,"minecraft:apple":1,"minecraft:coal":1,"minecraft:stick":4,"minecraft:nether_wart_block":3,"minecraft:yellow_glazed_terracotta":3,"minecraft:fire_charge":1,"minecraft:string":2,"minecraft:dandelion":2,"minecraft:stone_sword":4,"minecraft:stone_slab":6,"croptopia:pear":3,"minecraft:mossy_stone_bricks":1,"minecraft:oak_sapling":2,"minecraft:wooden_pickaxe":1,"minecraft:raw_gold":3},"minecraft:killed":{"graveyard:skeleton_creeper":1,"minecraft:spider":7,"promenade:sunken_skeleton":1,"minecraft:skeleton":13,"minecraft:silverfish":2,"minecraft:magma_cube":29,"minecraft:pig":7,"adventurez:wither_puppet":26,"minecraft:creeper":7,"minecraft:sheep":5,"minecraft:pillager":10,"minecraft:zombie":14,"minecraft:blaze":5,"minecraft:cow":28,"friendsandfoes:mauler":1,"minecraft:husk":1,"minecraft:wither_skeleton":9},"minecraft:mined":{"croptopia:pepper_crop":1,"minecraft:white_bed":2,"indrev:deepslate_tungsten_ore":10,"minecraft:obsidian":10,"minecraft:grass_block":14,"minecraft:soul_soil":226,"minecraft:nether_wart":7,"minecraft:chiseled_stone_bricks":3,"indrev:deepslate_tin_ore":52,"mythicmetals:deepslate_orichalcum_ore":2,"minecraft:weeping_vines_plant":1,"minecraft:iron_ore":24,"minecraft:cobbled_deepslate":1,"minecraft:fire":2,"minecraft:moss_carpet":1,"minecraft:deepslate_lapis_ore":4,"minecraft:deepslate_redstone_ore":36,"croptopia:starfruit_crop":2,"betternether:golden_vine":1,"minecraft:blackstone":1,"minecraft:soul_fire":2,"minecraft:torch":2,"minecraft:dead_bush":1,"minecraft:cobblestone":20,"minecraft:sugar_cane":1,"minecraft:wall_torch":1,"betternether:soul_sandstone":1,"minecraft:nether_wart_block":3,"betternether:soul_grass":2,"croptopia:pear_crop":1,"minecraft:tnt":9,"minecraft:orange_tulip":4,"minecraft:yellow_glazed_terracotta":3,"minecraft:grass":19,"minecraft:oak_log":49,"minecraft:dirt":4,"minecraft:red_mushroom_block":3,"promenade:asphalt":3,"minecraft:netherrack":51,"minecraft:deepslate":63,"minecraft:emerald_block":8,"blockus:bluestone":3,"minecraft:crying_obsidian":5,"croptopia:orange_crop":1,"minecraft:mossy_cobblestone":1,"minecraft:deepslate_diamond_ore":6,"minecraft:dark_oak_log":1,"minecraft:glow_lichen":1,"minecraft:nether_bricks":4,"minecraft:weeping_vines":1,"betternether:black_bush":1,"indrev:deepslate_lead_ore":11,"minecraft:moss_block":4,"minecraft:red_mushroom":1,"minecraft:rooted_dirt":3,"minecraft:large_fern":3,"minecraft:hay_block":71,"minecraft:furnace":1,"mythicmetals:deepslate_mythril_ore":1,"indrev:deepslate_nikolite_ore":45,"minecraft:gold_block":1,"minecraft:deepslate_iron_ore":23,"minecraft:vine":9,"minecraft:stone":121,"betternether:netherrack_moss":1,"minecraft:hanging_roots":1,"minecraft:chiseled_nether_bricks":1,"minecraft:soul_sand":213,"minecraft:dandelion":1,"minecraft:crafting_table":4,"minecraft:andesite_slab":3,"minecraft:stone_slab":5,"minecraft:copper_ore":1,"minecraft:tall_grass":4,"minecraft:deepslate_coal_ore":277,"minecraft:deepslate_gold_ore":4,"universal_ores:tuff_coal_ore":4,"mythicmetals:deepslate_runite_ore":1,"indrev:deepslate_silver_ore":45,"supplementaries:urn":9,"minecraft:coarse_dirt":3,"minecraft:spruce_log":8,"betternether:wall_mushroom_red":5,"minecraft:coal_ore":76,"minecraft:cobweb":4,"minecraft:cracked_stone_bricks":4,"minecraft:terracotta":1,"minecraft:stone_bricks":2,"minecraft:mossy_stone_bricks":6,"universal_ores:tuff_iron_ore":1,"minecraft:fern":1,"minecraft:infested_stone":1},"minecraft:used":{"minecraft:moss_block":1,"minecraft:iron_shovel":434,"minecraft:shield":49,"minecraft:iron_sword":186,"minecraft:soul_sand":58,"minecraft:obsidian":10,"minecraft:iron_helmet":1,"charm:oak_bookshelf":8,"minecraft:oak_sapling":1,"minecraft:furnace":4,"croptopia:pear":1,"charm:spruce_bookshelf":2,"infusion_table:infusion_table":1,"minecraft:stone_pickaxe":393,"minecraft:oak_planks":6,"minecraft:orange_tulip":5,"minecraft:wooden_pickaxe":7,"minecraft:sugar_cane":3,"minecraft:shears":4,"croptopia:orange":4,"minecraft:bread":16,"croptopia:toast":17,"minecraft:coarse_dirt":2,"minecraft:enchanting_table":1,"minecraft:stone_sword":195,"minecraft:flint_and_steel":1,"minecraft:torch":72,"minecraft:dirt":39,"minecraft:bookshelf":3,"minecraft:iron_axe":69,"minecraft:rooted_dirt":2,"minecraft:soul_soil":65,"charm:oak_chest":12,"minecraft:cooked_beef":35,"minecraft:cobbled_deepslate":1,"minecraft:iron_leggings":2,"minecraft:water_bucket":33,"minecraft:mossy_cobblestone":1,"minecraft:terracotta":1,"minecraft:crafting_table":9,"minecraft:white_bed":2,"minecraft:diamond_pickaxe":187,"minecraft:iron_pickaxe":396,"minecraft:stone_axe":41,"minecraft:cobblestone":73,"minecraft:bucket":34},"minecraft:crafted":{"minecraft:oak_planks":196,"croptopia:toast":96,"minecraft:stone":4,"minecraft:cracked_stone_bricks":4,"minecraft:iron_boots":1,"explorerscompass:explorerscompass":1,"minecraft:stone_bricks":4,"minecraft:crafting_table":5,"minecraft:spruce_planks":32,"minecraft:iron_helmet":1,"minecraft:wooden_pickaxe":1,"minecraft:iron_chestplate":1,"minecraft:book":9,"minecraft:diamond_pickaxe":1,"minecraft:shield":1,"minecraft:stick":36,"minecraft:iron_ingot":59,"minecraft:compass":1,"minecraft:iron_pickaxe":1,"minecraft:stone_sword":2,"minecraft:shears":1,"minecraft:furnace":3,"minecraft:bone_meal":3,"charm:oak_chest":11,"charm:oak_bookshelf":8,"minecraft:polished_deepslate":4,"minecraft:iron_axe":1,"minecraft:stone_pickaxe":3,"minecraft:redstone_block":18,"minecraft:wheat":351,"minecraft:cooked_beef":60,"minecraft:coal_block":31,"charm:spruce_bookshelf":2,"minecraft:enchanting_table":1,"infusion_table:infusion_table":1,"minecraft:bucket":1,"minecraft:stone_axe":1,"minecraft:bread":117,"minecraft:air":0,"minecraft:iron_leggings":1,"minecraft:torch":64},"minecraft:killed_by":{"minecraft:creeper":1},"minecraft:picked_up":{"minecraft:iron_chestplate":2,"minecraft:stone_slab":8,"minecraft:enchanted_book":3,"minecraft:string":6,"minecraft:soul_soil":222,"minecraft:raw_copper":8,"minecraft:iron_leggings":2,"minecraft:cobbled_deepslate":66,"minecraft:iron_boots":2,"minecraft:furnace":1,"minecraft:stick":8,"explorerscompass:explorerscompass":1,"charm:oak_chest":1,"minecraft:torch":8,"minecraft:porkchop":12,"minecraft:chiseled_nether_bricks":1,"indrev:raw_lead":11,"minecraft:stone_sword":4,"minecraft:rotten_flesh":1,"supplementaries:ash":28,"minecraft:blaze_rod":4,"minecraft:obsidian":11,"minecraft:cobblestone":176,"minecraft:cooked_beef":73,"minecraft:water_bucket":2,"minecraft:golden_leggings":1,"supplementaries:flax_seeds":2,"betternether:bowl_upgrade_smithing_template":1,"minecraft:lapis_lazuli":25,"indrev:raw_tin":52,"minecraft:dirt":40,"minecraft:bone":18,"additionaladditions:gilded_netherite_upgrade":1,"minecraft:bow":1,"minecraft:wheat_seeds":4,"minecraft:orange_tulip":10,"minecraft:raw_gold":3,"minecraft:mossy_stone_bricks":9,"minecraft:moss_block":3,"minecraft:oak_planks":14,"minecraft:dark_oak_log":1,"minecraft:spectral_arrow":42,"minecraft:mossy_cobblestone":5,"minecraft:diamond":6,"minecraft:golden_apple":2,"indrev:nikolite_dust":199,"minecraft:emerald":5,"minecraft:bread":32,"minecraft:rooted_dirt":2,"minecraft:oak_sapling":3,"minecraft:netherrack":14,"minecraft:andesite_slab":2,"minecraft:diamond_pickaxe":2,"croptopia:toast":96,"minecraft:coarse_dirt":2,"minecraft:crafting_table":4,"minecraft:nether_wart":94,"betternether:blue_crying_obsidian":3,"minecraft:gold_block":1,"minecraft:shield":2,"minecraft:flint_and_steel":1,"minecraft:iron_shovel":2,"minecraft:blackstone":1,"croptopia:pear":4,"supplementaries:bomb":5,"graveyard:corruption":1,"minecraft:cracked_stone_bricks":4,"indrev:raw_silver":45,"minecraft:beef":60,"mythicmetals:raw_mythril":1,"minecraft:sugar_cane":3,"mythicmetals:raw_orichalcum":2,"minecraft:raw_iron":52,"betternether:wall_mushroom_red":5,"betternether:soul_sandstone":1,"minecraft:fire_charge":1,"minecraft:redstone":159,"minecraft:tnt":6,"minecraft:arrow":8,"minecraft:weeping_vines":1,"minecraft:shears":1,"minecraft:hay_block":71,"artifacts:cross_necklace":1,"minecraft:saddle":1,"minecraft:gold_ingot":1,"minecraft:mutton":8,"minecraft:white_wool":5,"minecraft:glow_ink_sac":4,"minecraft:leather":33,"minecraft:red_mushroom":2,"croptopia:glowing_calamari":1,"minecraft:oak_log":49,"minecraft:yellow_glazed_terracotta":3,"minecraft:nether_wart_block":3,"indrev:raw_tungsten":10,"minecraft:gunpowder":7,"minecraft:paper":29,"minecraft:white_banner":1,"minecraft:apple":1,"minecraft:stone_bricks":2,"minecraft:cobweb":4,"minecraft:iron_sword":1,"minecraft:soul_sand":211,"minecraft:book":22,"minecraft:emerald_block":8,"croptopia:starfruit":2,"minecraft:quartz":16,"minecraft:dandelion":2,"minecraft:spruce_sapling":6,"minecraft:spruce_log":15,"minecraft:white_bed":2,"minecraft:crying_obsidian":7,"minecraft:spider_eye":2,"croptopia:orange":4,"minecraft:iron_helmet":2,"minecraft:terracotta":1,"minecraft:coal":364},"minecraft:broken":{"minecraft:stone_pickaxe":3,"minecraft:iron_sword":1},"minecraft:custom":{"minecraft:interact_with_crafting_table":47,"minecraft:open_barrel":24,"minecraft:bell_ring":5,"minecraft:leave_game":4,"minecraft:time_since_death":62371,"minecraft:sprint_one_cm":603287,"minecraft:damage_blocked_by_shield":2220,"minecraft:drop":58,"minecraft:play_time":277067,"minecraft:deaths":2,"minecraft:jump":3062,"minecraft:walk_on_water_one_cm":12827,"minecraft:interact_with_furnace":49,"minecraft:sleep_in_bed":11,"minecraft:damage_dealt":21056,"minecraft:crouch_one_cm":20542,"minecraft:horse_one_cm":379241,"minecraft:mob_kills":170,"minecraft:climb_one_cm":4783,"minecraft:walk_one_cm":412446,"minecraft:sneak_time":12567,"minecraft:walk_under_water_one_cm":7736,"minecraft:total_world_time":277067,"minecraft:raid_trigger":1,"minecraft:time_since_rest":1080,"minecraft:damage_taken":4635,"minecraft:trigger_trapped_chest":1,"minecraft:swim_one_cm":9734,"minecraft:fly_one_cm":579350,"minecraft:open_chest":141,"minecraft:fall_one_cm":68396}},"DataVersion":3465}