{"stats":{"minecraft:killed":{"minecraft:sheep":1,"minecraft:zombie":2,"minecraft:pig":3,"friendsandfoes:mauler":1,"minecraft:cow":8},"minecraft:picked_up":{"minecraft:raw_iron":1,"minecraft:stick":4,"minecraft:crafting_table":3,"croptopia:starfruit":2,"minecraft:leather":11,"minecraft:porkchop":6,"minecraft:spruce_sapling":6,"minecraft:oak_log":27,"minecraft:white_bed":1,"minecraft:spruce_log":8,"minecraft:dark_oak_log":1,"minecraft:dirt":1,"minecraft:raw_copper":5,"minecraft:hay_block":40,"croptopia:orange":4,"minecraft:beef":17,"minecraft:oak_sapling":1,"minecraft:mutton":2,"minecraft:coal":16,"minecraft:white_wool":1,"minecraft:cobblestone":18,"minecraft:furnace":1},"minecraft:crafted":{"minecraft:cooked_beef":13,"minecraft:oak_planks":28,"minecraft:crafting_table":1,"minecraft:stick":8,"minecraft:wooden_pickaxe":1,"minecraft:stone_pickaxe":1,"minecraft:stone_sword":1,"minecraft:furnace":1,"minecraft:stone_axe":1,"minecraft:air":0},"minecraft:mined":{"minecraft:large_fern":2,"minecraft:hay_block":40,"croptopia:starfruit_crop":2,"croptopia:pepper_crop":1,"minecraft:white_bed":1,"minecraft:furnace":1,"croptopia:orange_crop":1,"minecraft:iron_ore":1,"minecraft:dark_oak_log":1,"minecraft:spruce_log":8,"minecraft:crafting_table":3,"minecraft:grass":5,"minecraft:oak_log":27,"minecraft:coal_ore":9,"minecraft:dirt":1,"minecraft:tall_grass":3,"minecraft:copper_ore":1,"minecraft:stone":18},"minecraft:custom":{"minecraft:time_since_rest":4209,"minecraft:interact_with_furnace":6,"minecraft:sprint_one_cm":58641,"minecraft:damage_taken":115,"minecraft:walk_one_cm":23761,"minecraft:mob_kills":15,"minecraft:drop":3,"minecraft:damage_dealt":1655,"minecraft:swim_one_cm":719,"minecraft:interact_with_crafting_table":5,"minecraft:fly_one_cm":77068,"minecraft:open_chest":2,"minecraft:crouch_one_cm":2298,"minecraft:play_time":17361,"minecraft:sneak_time":935,"minecraft:walk_under_water_one_cm":88,"minecraft:jump":325,"minecraft:walk_on_water_one_cm":143,"minecraft:time_since_death":17361,"minecraft:sleep_in_bed":1,"minecraft:total_world_time":17361,"minecraft:fall_one_cm":7828},"minecraft:used":{"minecraft:stone_sword":42,"minecraft:stone_pickaxe":26,"minecraft:wooden_pickaxe":7,"minecraft:stone_axe":32,"minecraft:dirt":1,"minecraft:crafting_table":3,"minecraft:furnace":1,"minecraft:oak_sapling":1,"minecraft:cooked_beef":3,"croptopia:orange":4},"minecraft:dropped":{"minecraft:dark_oak_log":1,"minecraft:cobblestone":1,"minecraft:wooden_pickaxe":1}},"DataVersion":3465}