{"stats":{"minecraft:dropped":{"minecraft:cobblestone":1,"minecraft:red_mushroom":1,"minecraft:emerald":5,"minecraft:dark_oak_log":1,"minecraft:iron_pickaxe":2,"minecraft:bone":6,"minecraft:stone_axe":1,"minecraft:stone_sword":2,"supplementaries:flax_seeds":2,"minecraft:oak_sapling":1,"minecraft:wooden_pickaxe":1,"minecraft:raw_gold":3},"minecraft:killed":{"minecraft:spider":1,"minecraft:skeleton":1,"friendsandfoes:mauler":1,"minecraft:pig":7,"minecraft:creeper":1,"minecraft:sheep":5,"minecraft:zombie":2,"minecraft:cow":28},"minecraft:mined":{"croptopia:pepper_crop":1,"minecraft:white_bed":2,"croptopia:orange_crop":1,"minecraft:mossy_cobblestone":1,"minecraft:deepslate_diamond_ore":2,"minecraft:dark_oak_log":1,"indrev:deepslate_tungsten_ore":10,"minecraft:glow_lichen":1,"minecraft:grass_block":2,"indrev:deepslate_lead_ore":11,"minecraft:red_mushroom":1,"minecraft:moss_block":1,"minecraft:rooted_dirt":2,"minecraft:large_fern":3,"minecraft:hay_block":71,"mythicmetals:deepslate_orichalcum_ore":2,"indrev:deepslate_tin_ore":48,"minecraft:furnace":1,"minecraft:iron_ore":24,"minecraft:cobbled_deepslate":1,"minecraft:deepslate_lapis_ore":4,"indrev:deepslate_nikolite_ore":42,"minecraft:deepslate_iron_ore":23,"minecraft:vine":3,"minecraft:stone":89,"minecraft:deepslate_redstone_ore":21,"croptopia:starfruit_crop":2,"minecraft:hanging_roots":1,"minecraft:crafting_table":4,"minecraft:torch":2,"minecraft:dead_bush":1,"minecraft:tall_grass":4,"minecraft:copper_ore":1,"minecraft:cobblestone":4,"minecraft:deepslate_coal_ore":250,"minecraft:deepslate_gold_ore":4,"universal_ores:tuff_coal_ore":4,"mythicmetals:deepslate_runite_ore":1,"indrev:deepslate_silver_ore":24,"minecraft:wall_torch":1,"supplementaries:urn":8,"minecraft:coarse_dirt":2,"minecraft:spruce_log":8,"minecraft:grass":15,"minecraft:oak_log":35,"minecraft:coal_ore":76,"minecraft:dirt":4,"minecraft:deepslate":56,"minecraft:fern":1,"blockus:bluestone":3},"minecraft:used":{"minecraft:moss_block":1,"minecraft:stone_sword":110,"minecraft:shield":6,"minecraft:iron_sword":15,"minecraft:torch":62,"minecraft:dirt":6,"minecraft:rooted_dirt":2,"minecraft:furnace":4,"charm:oak_chest":6,"minecraft:oak_sapling":1,"minecraft:cooked_beef":5,"minecraft:cobbled_deepslate":1,"minecraft:iron_leggings":1,"minecraft:water_bucket":8,"minecraft:stone_pickaxe":393,"minecraft:wooden_pickaxe":7,"minecraft:mossy_cobblestone":1,"minecraft:crafting_table":8,"minecraft:white_bed":2,"croptopia:orange":4,"minecraft:diamond_pickaxe":3,"minecraft:bread":16,"minecraft:iron_pickaxe":316,"minecraft:stone_axe":41,"minecraft:cobblestone":18,"minecraft:bucket":9,"minecraft:coarse_dirt":2},"minecraft:crafted":{"minecraft:oak_planks":84,"minecraft:furnace":3,"charm:oak_chest":6,"minecraft:iron_boots":1,"minecraft:stone_pickaxe":3,"minecraft:wheat":63,"minecraft:cooked_beef":60,"minecraft:coal_block":31,"minecraft:crafting_table":4,"minecraft:spruce_planks":4,"minecraft:wooden_pickaxe":1,"minecraft:iron_helmet":1,"minecraft:bucket":1,"minecraft:stone_axe":1,"minecraft:air":0,"minecraft:bread":21,"minecraft:iron_chestplate":1,"minecraft:diamond_pickaxe":1,"minecraft:shield":1,"minecraft:stick":28,"minecraft:iron_ingot":11,"minecraft:iron_pickaxe":1,"minecraft:stone_sword":2,"minecraft:iron_leggings":1,"minecraft:torch":64},"minecraft:picked_up":{"minecraft:crafting_table":4,"minecraft:coarse_dirt":2,"minecraft:raw_copper":5,"minecraft:cobbled_deepslate":59,"indrev:raw_silver":24,"minecraft:beef":60,"minecraft:furnace":1,"minecraft:stick":4,"mythicmetals:raw_orichalcum":2,"minecraft:raw_iron":51,"minecraft:torch":8,"minecraft:porkchop":12,"minecraft:redstone":95,"indrev:raw_lead":11,"minecraft:hay_block":71,"supplementaries:ash":14,"minecraft:mutton":8,"minecraft:cobblestone":91,"minecraft:white_wool":5,"minecraft:leather":33,"minecraft:red_mushroom":1,"minecraft:oak_log":35,"supplementaries:flax_seeds":2,"indrev:raw_tungsten":10,"indrev:raw_tin":48,"minecraft:lapis_lazuli":25,"minecraft:dirt":6,"minecraft:bone":6,"minecraft:wheat_seeds":2,"minecraft:raw_gold":3,"minecraft:moss_block":1,"minecraft:oak_planks":2,"croptopia:starfruit":2,"minecraft:spruce_sapling":6,"minecraft:white_bed":2,"minecraft:spruce_log":15,"minecraft:dark_oak_log":1,"minecraft:mossy_cobblestone":1,"minecraft:diamond":2,"croptopia:orange":4,"minecraft:emerald":5,"minecraft:rooted_dirt":2,"minecraft:oak_sapling":2,"indrev:nikolite_dust":190,"minecraft:coal":336},"minecraft:broken":{"minecraft:stone_pickaxe":3},"minecraft:custom":{"minecraft:mob_kills":47,"minecraft:interact_with_crafting_table":28,"minecraft:open_barrel":17,"minecraft:leave_game":4,"minecraft:time_since_death":103067,"minecraft:climb_one_cm":929,"minecraft:sprint_one_cm":198324,"minecraft:walk_one_cm":162179,"minecraft:damage_blocked_by_shield":360,"minecraft:drop":14,"minecraft:play_time":103067,"minecraft:sneak_time":7784,"minecraft:walk_under_water_one_cm":329,"minecraft:jump":1196,"minecraft:walk_on_water_one_cm":5379,"minecraft:total_world_time":103067,"minecraft:interact_with_furnace":31,"minecraft:sleep_in_bed":3,"minecraft:time_since_rest":70799,"minecraft:damage_taken":758,"minecraft:damage_dealt":5060,"minecraft:swim_one_cm":6392,"minecraft:fly_one_cm":244969,"minecraft:open_chest":18,"minecraft:crouch_one_cm":12954,"minecraft:fall_one_cm":28356}},"DataVersion":3465}