{"stats":{"minecraft:dropped":{"minecraft:wheat_seeds":1,"minecraft:cobblestone":1,"minecraft:red_mushroom":1,"minecraft:emerald":5,"minecraft:dark_oak_log":1,"minecraft:iron_pickaxe":3,"minecraft:bone":6,"minecraft:stone_axe":1,"minecraft:stone_sword":2,"minecraft:cobbled_deepslate":1,"supplementaries:flax_seeds":2,"minecraft:oak_sapling":1,"minecraft:wooden_pickaxe":1,"minecraft:raw_gold":3},"minecraft:killed":{"minecraft:spider":2,"minecraft:skeleton":5,"friendsandfoes:mauler":1,"minecraft:magma_cube":1,"minecraft:pig":7,"minecraft:creeper":1,"minecraft:sheep":5,"minecraft:pillager":3,"minecraft:zombie":6,"minecraft:wither_skeleton":2,"minecraft:blaze":1,"minecraft:cow":28},"minecraft:mined":{"minecraft:crying_obsidian":5,"croptopia:pepper_crop":1,"minecraft:white_bed":2,"croptopia:orange_crop":1,"minecraft:mossy_cobblestone":1,"minecraft:deepslate_diamond_ore":6,"minecraft:dark_oak_log":1,"indrev:deepslate_tungsten_ore":10,"minecraft:obsidian":10,"minecraft:glow_lichen":1,"minecraft:grass_block":13,"minecraft:weeping_vines":1,"minecraft:soul_soil":210,"indrev:deepslate_lead_ore":11,"minecraft:red_mushroom":1,"minecraft:moss_block":4,"minecraft:rooted_dirt":3,"minecraft:large_fern":3,"minecraft:hay_block":71,"mythicmetals:deepslate_orichalcum_ore":2,"indrev:deepslate_tin_ore":52,"minecraft:weeping_vines_plant":1,"minecraft:furnace":1,"minecraft:iron_ore":24,"minecraft:cobbled_deepslate":1,"mythicmetals:deepslate_mythril_ore":1,"minecraft:deepslate_lapis_ore":4,"indrev:deepslate_nikolite_ore":43,"minecraft:gold_block":1,"minecraft:deepslate_iron_ore":23,"minecraft:vine":6,"minecraft:stone":120,"minecraft:deepslate_redstone_ore":36,"croptopia:starfruit_crop":2,"minecraft:blackstone":1,"minecraft:chiseled_nether_bricks":1,"minecraft:hanging_roots":1,"minecraft:soul_sand":168,"minecraft:soul_fire":2,"minecraft:crafting_table":4,"minecraft:torch":2,"minecraft:dead_bush":1,"minecraft:tall_grass":4,"minecraft:copper_ore":1,"minecraft:cobblestone":17,"minecraft:deepslate_coal_ore":276,"minecraft:deepslate_gold_ore":4,"universal_ores:tuff_coal_ore":4,"mythicmetals:deepslate_runite_ore":1,"indrev:deepslate_silver_ore":45,"minecraft:wall_torch":1,"betternether:soul_sandstone":1,"supplementaries:urn":9,"minecraft:coarse_dirt":3,"betternether:soul_grass":1,"croptopia:pear_crop":1,"minecraft:spruce_log":8,"minecraft:tnt":9,"minecraft:grass":17,"minecraft:oak_log":35,"minecraft:coal_ore":76,"minecraft:dirt":4,"minecraft:cobweb":4,"minecraft:netherrack":11,"promenade:asphalt":3,"universal_ores:tuff_iron_ore":1,"minecraft:deepslate":63,"minecraft:fern":1,"blockus:bluestone":3},"minecraft:used":{"minecraft:moss_block":1,"minecraft:stone_sword":110,"minecraft:iron_shovel":370,"minecraft:flint_and_steel":1,"minecraft:shield":12,"minecraft:iron_sword":64,"minecraft:torch":72,"minecraft:soul_sand":32,"minecraft:dirt":39,"minecraft:obsidian":10,"minecraft:rooted_dirt":2,"minecraft:soul_soil":37,"minecraft:furnace":4,"charm:oak_chest":9,"minecraft:oak_sapling":1,"minecraft:cooked_beef":20,"minecraft:cobbled_deepslate":1,"croptopia:pear":1,"minecraft:iron_leggings":1,"minecraft:water_bucket":16,"minecraft:stone_pickaxe":393,"minecraft:orange_tulip":4,"minecraft:wooden_pickaxe":7,"minecraft:mossy_cobblestone":1,"minecraft:crafting_table":9,"minecraft:white_bed":2,"minecraft:shears":4,"croptopia:orange":4,"minecraft:diamond_pickaxe":96,"minecraft:bread":16,"minecraft:iron_pickaxe":396,"minecraft:stone_axe":41,"minecraft:cobblestone":69,"minecraft:bucket":17,"minecraft:coarse_dirt":2},"minecraft:crafted":{"minecraft:oak_planks":104,"minecraft:furnace":3,"croptopia:toast":96,"minecraft:stone":4,"charm:oak_chest":8,"minecraft:cracked_stone_bricks":4,"minecraft:iron_boots":1,"explorerscompass:explorerscompass":1,"minecraft:stone_pickaxe":3,"minecraft:redstone_block":18,"minecraft:stone_bricks":4,"minecraft:wheat":351,"minecraft:cooked_beef":60,"minecraft:coal_block":31,"minecraft:crafting_table":5,"minecraft:spruce_planks":8,"minecraft:wooden_pickaxe":1,"minecraft:iron_helmet":1,"minecraft:bucket":1,"minecraft:stone_axe":1,"minecraft:air":0,"minecraft:bread":117,"minecraft:iron_chestplate":1,"minecraft:diamond_pickaxe":1,"minecraft:shield":1,"minecraft:stick":32,"minecraft:compass":1,"minecraft:iron_ingot":59,"minecraft:iron_pickaxe":1,"minecraft:stone_sword":2,"minecraft:iron_leggings":1,"minecraft:torch":64,"minecraft:shears":1},"minecraft:killed_by":{"minecraft:creeper":1},"minecraft:picked_up":{"minecraft:iron_chestplate":1,"minecraft:crafting_table":4,"minecraft:coarse_dirt":2,"minecraft:gold_block":1,"minecraft:enchanted_book":1,"minecraft:shield":1,"minecraft:string":4,"minecraft:soul_soil":207,"minecraft:raw_copper":8,"minecraft:iron_leggings":1,"minecraft:iron_shovel":1,"minecraft:blackstone":1,"croptopia:pear":1,"minecraft:cobbled_deepslate":66,"indrev:raw_silver":45,"minecraft:beef":60,"mythicmetals:raw_mythril":1,"minecraft:iron_boots":1,"minecraft:furnace":1,"minecraft:stick":8,"mythicmetals:raw_orichalcum":2,"minecraft:raw_iron":52,"charm:oak_chest":1,"minecraft:torch":8,"betternether:soul_sandstone":1,"minecraft:porkchop":12,"minecraft:redstone":159,"minecraft:chiseled_nether_bricks":1,"minecraft:tnt":6,"indrev:raw_lead":11,"minecraft:stone_sword":1,"minecraft:weeping_vines":1,"minecraft:hay_block":71,"supplementaries:ash":28,"minecraft:obsidian":10,"minecraft:mutton":8,"minecraft:cobblestone":171,"minecraft:white_wool":5,"minecraft:cooked_beef":47,"minecraft:water_bucket":1,"minecraft:leather":33,"minecraft:red_mushroom":1,"minecraft:oak_log":35,"supplementaries:flax_seeds":2,"indrev:raw_tungsten":10,"minecraft:paper":29,"indrev:raw_tin":52,"minecraft:lapis_lazuli":25,"minecraft:dirt":39,"minecraft:bone":10,"minecraft:orange_tulip":4,"minecraft:wheat_seeds":3,"minecraft:raw_gold":3,"minecraft:cobweb":4,"minecraft:soul_sand":162,"minecraft:moss_block":1,"minecraft:iron_sword":1,"minecraft:oak_planks":2,"minecraft:book":22,"croptopia:starfruit":2,"minecraft:spruce_sapling":6,"minecraft:white_bed":2,"minecraft:spruce_log":15,"minecraft:crying_obsidian":5,"minecraft:dark_oak_log":1,"minecraft:spider_eye":2,"minecraft:mossy_cobblestone":1,"minecraft:diamond":6,"minecraft:iron_helmet":1,"croptopia:orange":4,"minecraft:golden_apple":1,"minecraft:bread":32,"minecraft:emerald":5,"minecraft:rooted_dirt":2,"minecraft:oak_sapling":2,"indrev:nikolite_dust":190,"minecraft:netherrack":11,"minecraft:coal":363,"minecraft:diamond_pickaxe":1},"minecraft:broken":{"minecraft:stone_pickaxe":3},"minecraft:custom":{"minecraft:mob_kills":63,"minecraft:interact_with_crafting_table":37,"minecraft:open_barrel":17,"minecraft:leave_game":4,"minecraft:time_since_death":29764,"minecraft:climb_one_cm":2202,"minecraft:sprint_one_cm":304096,"minecraft:walk_one_cm":263840,"minecraft:damage_blocked_by_shield":690,"minecraft:drop":17,"minecraft:play_time":163067,"minecraft:deaths":1,"minecraft:sneak_time":9569,"minecraft:walk_under_water_one_cm":2692,"minecraft:jump":1935,"minecraft:walk_on_water_one_cm":7639,"minecraft:total_world_time":163067,"minecraft:interact_with_furnace":47,"minecraft:sleep_in_bed":6,"minecraft:time_since_rest":18091,"minecraft:damage_taken":2281,"minecraft:trigger_trapped_chest":1,"minecraft:damage_dealt":7844,"minecraft:swim_one_cm":7582,"minecraft:fly_one_cm":360504,"minecraft:open_chest":54,"minecraft:crouch_one_cm":16587,"minecraft:fall_one_cm":38474}},"DataVersion":3465}