{"stats":{"minecraft:custom":{"minecraft:time_since_rest":7371,"minecraft:sprint_one_cm":20405,"minecraft:walk_one_cm":9195,"minecraft:mob_kills":1,"minecraft:drop":1,"minecraft:damage_dealt":200,"minecraft:swim_one_cm":623,"minecraft:interact_with_crafting_table":3,"minecraft:fly_one_cm":10927,"minecraft:crouch_one_cm":2179,"minecraft:play_time":7371,"minecraft:sneak_time":879,"minecraft:walk_under_water_one_cm":26,"minecraft:jump":72,"minecraft:time_since_death":7371,"minecraft:walk_on_water_one_cm":212,"minecraft:total_world_time":7371,"minecraft:fall_one_cm":1105},"minecraft:used":{"minecraft:dark_prismarine":2,"minecraft:stone_sword":3,"minecraft:stone_pickaxe":35,"minecraft:wooden_pickaxe":5,"minecraft:brown_mushroom":1,"minecraft:stone_axe":11,"minecraft:crafting_table":1,"croptopia:blackberry":1},"minecraft:mined":{"minecraft:podzol":2,"minecraft:dark_prismarine":2,"minecraft:brown_mushroom":1,"minecraft:spruce_log":15,"minecraft:crafting_table":1,"croptopia:blackberry_crop":1,"minecraft:smooth_quartz":8,"minecraft:dirt":8,"minecraft:spruce_leaves":3,"minecraft:stone":29},"minecraft:dropped":{"minecraft:stick":1},"minecraft:killed":{"minecraft:zombie":1},"minecraft:crafted":{"minecraft:crafting_table":1,"minecraft:stick":8,"minecraft:spruce_planks":24,"minecraft:wooden_pickaxe":1,"minecraft:stone_pickaxe":1,"minecraft:stone_sword":1,"minecraft:stone_axe":1},"minecraft:picked_up":{"minecraft:stick":2,"minecraft:crafting_table":1,"minecraft:brown_mushroom":1,"croptopia:blackberry_seed":2,"croptopia:blackberry":1,"minecraft:spruce_sapling":1,"minecraft:spruce_log":14,"minecraft:dirt":10,"minecraft:dark_prismarine":2,"minecraft:rotten_flesh":2,"minecraft:smooth_quartz":8,"minecraft:cobblestone":28}},"DataVersion":3465}